PERIODO,TIPO DE CARTÃO,Órgão Superior,Órgão/Entidade Vinculada,VALOR GASTO NO PERIODO (R$)
01-2020,Cartão de Pagamento do Governo Federal - CPGF,26000 - Ministério da Educação,26230 - Fundação Universidade Federal do Vale do São Francisco,27
01-2020,Cartão de Pagamento do Governo Federal - CPGF,53000 - Ministério do Desenvolvimento Regional,44205 - Agência Nacional de Águas,44.5
01-2020,Cartão de Pagamento do Governo Federal - CPGF,"24000 - Ministério da Ciência, Tecnologia, Inovações e Comunicações",20501 - Conselho Nacional de Desenvolvimento Científico e Tecnológico,50
01-2020,Cartão de Pagamento do Governo Federal - CPGF,44000 - Ministério do Meio Ambiente,44000 - Ministério do Meio Ambiente - Unidades com vínculo direto,126.8
01-2020,Cartão de Pagamento do Governo Federal - CPGF,26000 - Ministério da Educação,26245 - Universidade Federal do Rio de Janeiro,227.1
01-2020,Cartão de Pagamento do Governo Federal - CPGF,26000 - Ministério da Educação,26252 - Universidade Federal de Campina Grande,231.77
01-2020,Cartão de Pagamento de Compras Centralizadas - CPCC,36000 - Ministério da Saúde,36201 - Fundação Oswaldo Cruz,249.99
01-2020,Cartão de Pagamento do Governo Federal - CPGF,25000 - Ministério da Economia,61201 - Instituto de Pesquisa Econômica Aplicada,310.87
01-2020,Cartão de Pagamento do Governo Federal - CPGF,25000 - Ministério da Economia,33206 - Superintendência Nacional de Previdência Complementar,323
01-2020,Cartão de Pagamento do Governo Federal - CPGF,53000 - Ministério do Desenvolvimento Regional,53203 - Superintendência do Desenvolvimento do Nordeste,401.29
01-2020,Cartão de Pagamento do Governo Federal - CPGF,55000 - Ministério da Cidadania,55000 - Ministério da Cidadania - Unidades com vínculo direto,427.81
01-2020,Cartão de Pagamento do Governo Federal - CPGF,53000 - Ministério do Desenvolvimento Regional,53000 - Ministério do Desenvolvimento Regional - Unidades com vínculo direto,442.41
01-2020,Cartão de Pagamento do Governo Federal - CPGF,32000 - Ministério de Minas e Energia,"32205 - Agência Nacional do Petróleo, Gás Natural e Biocombustíveis",446.74
01-2020,Cartão de Pagamento do Governo Federal - CPGF,26000 - Ministério da Educação,26436 - Instituto Federal Sul-rio-grandense,452.68
01-2020,Cartão de Pagamento do Governo Federal - CPGF,26000 - Ministério da Educação,26413 - Instituto Federal do Triângulo Mineiro,470
01-2020,Cartão de Pagamento do Governo Federal - CPGF,26000 - Ministério da Educação,26232 - Universidade Federal da Bahia,518
01-2020,Cartão de Pagamento do Governo Federal - CPGF,26000 - Ministério da Educação,26260 - Universidade Federal de Alfenas ,555.86
01-2020,Cartão de Pagamento do Governo Federal - CPGF,52000 - Ministério da Defesa,52111 - Comando da Aeronáutica,600
01-2020,Cartão de Pagamento do Governo Federal - CPGF,26000 - Ministério da Educação,26254 - Universidade Federal do Triângulo Mineiro,603.4
01-2020,Cartão de Pagamento do Governo Federal - CPGF,26000 - Ministério da Educação,"26429 - Instituto Federal de Educação, Ciência e Tecnologia de Goiás",649.67
01-2020,Cartão de Pagamento do Governo Federal - CPGF,26000 - Ministério da Educação,26411 - Instituto Federal do Sudeste de Minas Gerais,707
01-2020,Cartão de Pagamento do Governo Federal - CPGF,26000 - Ministério da Educação,26243 - Universidade Federal do Rio Grande do Norte,734.13
01-2020,Cartão de Pagamento do Governo Federal - CPGF,26000 - Ministério da Educação,26439 - Instituto Federal de São Paulo,754
01-2020,Cartão de Pagamento do Governo Federal - CPGF,44000 - Ministério do Meio Ambiente,20701 - Instituto Brasileiro do Meio Ambiente e dos Recursos Naturais Renováveis,800
01-2020,Cartão de Pagamento do Governo Federal - CPGF,39000 - Ministério da Infraestrutura,39253 - Empresa de Planejamento e Logística S.A.,822.59
01-2020,Cartão de Pagamento do Governo Federal - CPGF,26000 - Ministério da Educação,26352 - Fundação Universidade Federal do ABC,878.12
01-2020,Cartão de Pagamento do Governo Federal - CPGF,26000 - Ministério da Educação,26261 - Universidade Federal de Itajubá,883
01-2020,Cartão de Pagamento do Governo Federal - CPGF,26000 - Ministério da Educação,26240 - Universidade Federal da Paraíba,933.4
01-2020,Cartão de Pagamento do Governo Federal - CPGF,"22000 - Ministério da Agricultura, Pecuária e Abastecimento",44208 - Serviço Florestal Brasileiro,950
01-2020,Cartão de Pagamento do Governo Federal - CPGF,26000 - Ministério da Educação,26404 - Instituto Federal Baiano,955
01-2020,Cartão de Pagamento do Governo Federal - CPGF,54000 - Ministério do Turismo,42207 - Instituto Brasileiro de Museus,965.3
01-2020,Cartão de Pagamento do Governo Federal - CPGF,30000 - Ministério da Justiça e Segurança Pública,30000 - Ministério da Justiça e Segurança Pública - Unidades com vínculo direto,983
01-2020,Cartão de Pagamento do Governo Federal - CPGF,26000 - Ministério da Educação,26237 - Universidade Federal de Juiz de Fora,1113.36
01-2020,Cartão de Pagamento do Governo Federal - CPGF,26000 - Ministério da Educação,26257 - Centro Federal de Educação Tecnológica de Minas Gerais,1125.4
01-2020,Cartão de Pagamento do Governo Federal - CPGF,54000 - Ministério do Turismo,20403 - Fundação Casa de Rui Barbosa,1125.7
01-2020,Cartão de Pagamento do Governo Federal - CPGF,26000 - Ministério da Educação,26431 - Instituto Federal do Piauí,1139.25
01-2020,Cartão de Pagamento do Governo Federal - CPGF,26000 - Ministério da Educação,26234 - Universidade Federal do Espírito Santo,1184.9
01-2020,Cartão de Pagamento do Governo Federal - CPGF,26000 - Ministério da Educação,26277 - Universidade Federal de Ouro Preto,1201.02
01-2020,Cartão de Pagamento do Governo Federal - CPGF,26000 - Ministério da Educação,26269 - Universidade Federal do Estado do Rio de Janeiro,1201.8
01-2020,Cartão de Pagamento do Governo Federal - CPGF,26000 - Ministério da Educação,26282 - Universidade Federal de Viçosa,1251.96
01-2020,Cartão de Pagamento do Governo Federal - CPGF,26000 - Ministério da Educação,26421 - Instituto Federal de Rondônia,1320.4
01-2020,Cartão de Pagamento do Governo Federal - CPGF,36000 - Ministério da Saúde,36213 - Agência Nacional de Saúde Suplementar,1328.68
01-2020,Cartão de Pagamento do Governo Federal - CPGF,26000 - Ministério da Educação,26238 - Universidade Federal de Minas Gerais,1364.28
01-2020,Cartão de Pagamento do Governo Federal - CPGF,39000 - Ministério da Infraestrutura,39252 - Departamento Nacional de Infraestrutura de Transportes,1475.26
01-2020,Cartão de Pagamento do Governo Federal - CPGF,54000 - Ministério do Turismo,20203 - Agência Nacional do Cinema,1562.75
01-2020,Cartão de Pagamento do Governo Federal - CPGF,26000 - Ministério da Educação,26284 - Fundação Universidade Federal de Ciências da Saúde de Porto Alegre,1692.56
01-2020,Cartão de Pagamento do Governo Federal - CPGF,26000 - Ministério da Educação,26438 - Instituto Federal de Santa Catarina,1723.4
01-2020,Cartão de Pagamento do Governo Federal - CPGF,26000 - Ministério da Educação,26271 - Fundação Universidade de Brasília,1965.19
01-2020,Cartão de Pagamento do Governo Federal - CPGF,26000 - Ministério da Educação,26419 - Instituto Federal do Rio Grande do Sul,1968.67
01-2020,Cartão de Pagamento do Governo Federal - CPGF,"24000 - Ministério da Ciência, Tecnologia, Inovações e Comunicações",41231 - Agêncial Nacional de Telecomunicações,2039.52
01-2020,Cartão de Pagamento do Governo Federal - CPGF,25000 - Ministério da Economia,25203 - Comissão de Valores Mobiliários,2063.49
01-2020,Cartão de Pagamento do Governo Federal - CPGF,26000 - Ministério da Educação,26268 - Fundação Universidade Federal de Rondônia,2313.17
01-2020,Cartão de Pagamento do Governo Federal - CPGF,26000 - Ministério da Educação,26403 - Instituto Federal do Amazonas,2337.8
01-2020,Cartão de Pagamento do Governo Federal - CPGF,54000 - Ministério do Turismo,20412 - Fundação Nacional de Artes,2394
01-2020,Cartão de Pagamento do Governo Federal - CPGF,26000 - Ministério da Educação,26258 - Universidade Tecnológica Federal do Paraná ,2445.75
01-2020,Cartão de Pagamento do Governo Federal - CPGF,32000 - Ministério de Minas e Energia,32210 - Agência Nacional de Energia Elétrica,2496.07
01-2020,Cartão de Pagamento do Governo Federal - CPGF,26000 - Ministério da Educação,26432 - Instituto Federal do Paraná,2735.08
01-2020,Cartão de Pagamento do Governo Federal - CPGF,26000 - Ministério da Educação,26435 - Instituto Federal do Rio Grande do Norte,2768.76
01-2020,Cartão de Pagamento do Governo Federal - CPGF,20000 - Presidência da República,20116 - Fundo de Imprensa Nacional,2881.44
01-2020,Cartão de Pagamento do Governo Federal - CPGF,20000 - Presidência da República,24208 - Instituto Nacional de Tecnologia da Informação,2926.97
01-2020,Cartão de Pagamento do Governo Federal - CPGF,25000 - Ministério da Economia,20603 - Superintendência da Zona Franca de Manaus,3050
01-2020,Cartão de Pagamento do Governo Federal - CPGF,32000 - Ministério de Minas e Energia,32314 - Empresa de Pesquisa Energética,3116.1
01-2020,Cartão de Pagamento do Governo Federal - CPGF,54000 - Ministério do Turismo,20411 - Instituto do Patrimônio Histórico e Artístico Nacional,3232.58
01-2020,Cartão de Pagamento do Governo Federal - CPGF,26000 - Ministério da Educação,26247 - Universidade Federal de Santa Maria,3234.38
01-2020,Cartão de Pagamento do Governo Federal - CPGF,26000 - Ministério da Educação,26410 - Instituto Federal do Norte de Minas Gerais,3248.68
01-2020,Cartão de Pagamento do Governo Federal - CPGF,26000 - Ministério da Educação,26255 - Universidade Federal dos Vales do Jequitinhonha e Mucuri,3367.72
01-2020,Cartão de Pagamento do Governo Federal - CPGF,26000 - Ministério da Educação,26279 - Fundação Universidade Federal do Piauí,3450
01-2020,Cartão de Pagamento do Governo Federal - CPGF,26000 - Ministério da Educação,26242 - Universidade Federal de Pernambuco ,3560.24
01-2020,Cartão de Pagamento do Governo Federal - CPGF,53000 - Ministério do Desenvolvimento Regional,53207 - Superintendência de Desenvolvimento do Centro-Oeste,3768.8
01-2020,Cartão de Pagamento do Governo Federal - CPGF,26000 - Ministério da Educação,26248 - Universidade Federal Rural de Pernambuco,3961.97
01-2020,Cartão de Pagamento do Governo Federal - CPGF,35000 - Ministério das Relações Exteriores,35000 - Ministério das Relações Exteriores - Unidades com vínculo direto,4500
01-2020,Cartão de Pagamento do Governo Federal - CPGF,39000 - Ministério da Infraestrutura,39250 - Agência Nacional de Transportes Terrestres,4953.56
01-2020,Cartão de Pagamento do Governo Federal - CPGF,37000 - Controladoria-Geral da União,37000 - Controladoria-Geral da União - Unidades com vínculo direto,5053.1
01-2020,Cartão de Pagamento do Governo Federal - CPGF,32000 - Ministério de Minas e Energia,32000 - Ministério de Minas e Energia - Unidades com vínculo direto,5094.2
01-2020,Cartão de Pagamento do Governo Federal - CPGF,"22000 - Ministério da Agricultura, Pecuária e Abastecimento",22211 - Companhia Nacional de Abastecimento,5254.08
01-2020,Cartão de Pagamento do Governo Federal - CPGF,26000 - Ministério da Educação,26267 - Universidade Federal da Integração Latino-Americana,5377.11
01-2020,Cartão de Pagamento do Governo Federal - CPGF,39000 - Ministério da Infraestrutura,39000 - Ministério da Infraestrutura - Unidades com vínculo direto,5779.25
01-2020,Cartão de Pagamento do Governo Federal - CPGF,26000 - Ministério da Educação,26263 - Universidade Federal de Lavras ,6241.42
01-2020,Cartão de Pagamento do Governo Federal - CPGF,26000 - Ministério da Educação,26278 - Fundação Universidade Federal de Pelotas,6245
01-2020,Cartão de Pagamento do Governo Federal - CPGF,53000 - Ministério do Desenvolvimento Regional,53202 - Superintendência do Desenvolvimento da Amazônia,6274.51
01-2020,Cartão de Pagamento do Governo Federal - CPGF,26000 - Ministério da Educação,26417 - Instituto Federal da Paraíba,6341.61
01-2020,Cartão de Pagamento do Governo Federal - CPGF,26000 - Ministério da Educação,26201 - Colégio Pedro II,6546.75
01-2020,Cartão de Pagamento do Governo Federal - CPGF,26000 - Ministério da Educação,26422 - Instituto Federal Catarinense,6732.27
01-2020,Cartão de Pagamento do Governo Federal - CPGF,30000 - Ministério da Justiça e Segurança Pública,30907 - Fundo Penitenciário Nacional,7192.25
01-2020,Cartão de Pagamento do Governo Federal - CPGF,26000 - Ministério da Educação,26424 - Instituto Federal do Tocantins,7231.32
01-2020,Cartão de Pagamento do Governo Federal - CPGF,26000 - Ministério da Educação,26231 - Universidade Federal de Alagoas,7993.56
01-2020,Cartão de Pagamento do Governo Federal - CPGF,38000 - Ministério do Trabalho e Emprego,38000 - Ministério do Trabalho e Emprego - Unidades com vínculo direto,8269.43
01-2020,Cartão de Pagamento do Governo Federal - CPGF,36000 - Ministério da Saúde,36212 - Agência Nacional de Vigilância Sanitária,8913.61
01-2020,Cartão de Pagamento do Governo Federal - CPGF,26000 - Ministério da Educação,26407 - Instituto Federal Goiano,9086.94
01-2020,Cartão de Pagamento do Governo Federal - CPGF,26000 - Ministério da Educação,26285 - Fundação Universidade Federal de São João Del-Rei,9102.1
01-2020,Cartão de Pagamento do Governo Federal - CPGF,26000 - Ministério da Educação,26292 - Fundação Joaquim Nabuco,9603.74
01-2020,Cartão de Pagamento do Governo Federal - CPGF,52000 - Ministério da Defesa,52221 - Indústria de Material Bélico do Brasil,10210.78
01-2020,Cartão de Pagamento do Governo Federal - CPGF,36000 - Ministério da Saúde,36000 - Ministério da Saúde - Unidades com vínculo direto,10492.69
01-2020,Cartão de Pagamento do Governo Federal - CPGF,26000 - Ministério da Educação,26239 - Universidade Federal do Pará,10657.19
01-2020,Cartão de Pagamento do Governo Federal - CPGF,36000 - Ministério da Saúde,36211 - Fundação Nacional de Saúde ,10951.46
01-2020,Cartão de Pagamento do Governo Federal - CPGF,25000 - Ministério da Economia,37202 - Instituto Nacional do Seguro Social ,11154.78
01-2020,Cartão de Pagamento do Governo Federal - CPGF,25000 - Ministério da Economia,"30203 - Instituto Nacional de Metrologia, Qualidade e Tecnologia",11710.58
01-2020,Cartão de Pagamento do Governo Federal - CPGF,26000 - Ministério da Educação,26408 - Instituto Federal do Maranhão,12627.05
01-2020,Cartão de Pagamento do Governo Federal - CPGF,26000 - Ministério da Educação,26246 - Universidade Federal de Santa Catarina,12964.18
01-2020,Cartão de Pagamento do Governo Federal - CPGF,26000 - Ministério da Educação,26406 - Instituto Federal do Espírito Santo,13117.88
01-2020,Cartão de Pagamento do Governo Federal - CPGF,26000 - Ministério da Educação,26409 - Instituto Federal de Minas Gerais,13191.32
01-2020,Cartão de Pagamento de Compras Centralizadas - CPCC,30000 - Ministério da Justiça e Segurança Pública,30802 - Departamento de Polícia Rodoviária Federal,13723.73
01-2020,Cartão de Pagamento do Governo Federal - CPGF,63000 - Advocacia-Geral da União,63000 - Advocacia-Geral da União - Unidades com vínculo direto,14047.55
01-2020,Cartão de Pagamento do Governo Federal - CPGF,20000 - Presidência da República,20415 - Empresa Brasil de Comunicação,14281.46
01-2020,Cartão de Pagamento do Governo Federal - CPGF,32000 - Ministério de Minas e Energia,29208 - Companhia de Pesquisa de Recursos Minerais,14855.48
01-2020,Cartão de Pagamento do Governo Federal - CPGF,"24000 - Ministério da Ciência, Tecnologia, Inovações e Comunicações","24000 - Ministério da Ciência, Tecnologia, Inovações e Comunicações - Unidades com vínculo direto",14964.34
01-2020,Cartão de Pagamento do Governo Federal - CPGF,52000 - Ministério da Defesa,52000 - Ministério da Defesa - Unidades com vínculo direto,15759.86
01-2020,Cartão de Pagamento do Governo Federal - CPGF,52000 - Ministério da Defesa,52131 - Comando da Marinha,18158.96
01-2020,Cartão de Pagamento do Governo Federal - CPGF,53000 - Ministério do Desenvolvimento Regional,29214 - Companhia Brasileira de Trens Urbanos,18879.55
01-2020,Cartão de Pagamento do Governo Federal - CPGF,32000 - Ministério de Minas e Energia,32263 - Departamento Nacional de Produção Mineral,19047.31
01-2020,Cartão de Pagamento do Governo Federal - CPGF,53000 - Ministério do Desenvolvimento Regional,22204 - Departamento Nacional de Obras Contra as Secas,19404.88
01-2020,Cartão de Pagamento do Governo Federal - CPGF,26000 - Ministério da Educação,26280 - Fundação Universidade Federal de São Carlos,19464.49
01-2020,Cartão de Pagamento do Governo Federal - CPGF,"24000 - Ministério da Ciência, Tecnologia, Inovações e Comunicações",20301 - Comissão Nacional de Energia Nuclear,20523.67
01-2020,Cartão de Pagamento do Governo Federal - CPGF,36000 - Ministério da Saúde,36201 - Fundação Oswaldo Cruz,23430.44
01-2020,Cartão de Pagamento do Governo Federal - CPGF,52000 - Ministério da Defesa,52904 - Fundo do Exército,24801.78
01-2020,Cartão de Pagamento do Governo Federal - CPGF,30000 - Ministério da Justiça e Segurança Pública,30802 - Departamento de Polícia Rodoviária Federal,25230.94
01-2020,Cartão de Pagamento do Governo Federal - CPGF,53000 - Ministério do Desenvolvimento Regional,22203 - Companhia de Desenvolvimento dos Vales do São Francisco e do Parnaíba,25829.92
01-2020,Cartão de Pagamento do Governo Federal - CPGF,26000 - Ministério da Educação,26294 - Hospital de Clínicas de Porto Alegre,27832.12
01-2020,Cartão de Pagamento do Governo Federal - CPGF,25000 - Ministério da Economia,38901 - Fundo de Amparo ao Trabalhador,29109.53
01-2020,Cartão de Pagamento do Governo Federal - CPGF,"22000 - Ministério da Agricultura, Pecuária e Abastecimento",22202 - Empresa Brasileira de Pesquisa Agropecuária,37829.26
01-2020,Cartão de Pagamento do Governo Federal - CPGF,32000 - Ministério de Minas e Energia,32396 - Agência Nacional de Mineração,63548.01
01-2020,Cartão de Pagamento do Governo Federal - CPGF,25000 - Ministério da Economia,25201 - Banco Central do Brasil - Orçamento Fiscal e Seguridade Social,67559.52
01-2020,Cartão de Pagamento do Governo Federal - CPGF,25000 - Ministério da Economia,25915 - Fundo Constitucional do Distrito Federal,69246.8
01-2020,Cartão de Pagamento do Governo Federal - CPGF,36000 - Ministério da Saúde,36210 - Hospital Nossa Senhora da Conceição S.A.,71805.91
01-2020,Cartão de Pagamento do Governo Federal - CPGF,26000 - Ministério da Educação,26443 - Empresa Brasileira de Serviços Hospitalares,87407.73
01-2020,Cartão de Pagamento do Governo Federal - CPGF,20000 - Presidência da República,60000 - Gabinete da Vice-Presidência da República,106160.01
01-2020,Cartão de Pagamento do Governo Federal - CPGF,25000 - Ministério da Economia,25000 - Ministério da Economia - Unidades com vínculo direto,111417.39
01-2020,Cartão de Pagamento do Governo Federal - CPGF,"22000 - Ministério da Agricultura, Pecuária e Abastecimento",22201 - Instituto Nacional de Colonização e Reforma Agrária,116071.06
01-2020,Cartão de Pagamento do Governo Federal - CPGF,44000 - Ministério do Meio Ambiente,44207 - Instituto Chico Mendes de Conservação da Biodiversidade,205570.5
01-2020,Cartão de Pagamento do Governo Federal - CPGF,52000 - Ministério da Defesa,52121 - Comando do Exército,218781.84
01-2020,Cartão de Pagamento do Governo Federal - CPGF,"22000 - Ministério da Agricultura, Pecuária e Abastecimento","22000 - Ministério da Agricultura, Pecuária e Abastecimento - Unidades com vínculo direto",220905.99
01-2020,Cartão de Pagamento do Governo Federal - CPGF,25000 - Ministério da Economia,25205 - Fundação Instituto Brasileiro de Geografia e Estatística,651443.4
01-2020,Cartão de Pagamento do Governo Federal - CPGF,30000 - Ministério da Justiça e Segurança Pública,30108 - Departamento de Polícia Federal,685114.59
01-2020,Cartão de Pagamento do Governo Federal - CPGF,20000 - Presidência da República,20101 - Presidência da República,2659513.25
01-2020,Cartão de Pagamento da Defesa Civil - CPDC,53000 - Ministério do Desenvolvimento Regional,53000 - Ministério do Desenvolvimento Regional - Unidades com vínculo direto,15258044.63
