TIPO DE CARTÃO,Órgão Superior,Órgão/Entidade Vinculada,VALOR GASTO NO PERIODO (R$)
Cartão de Pagamento de Compras Centralizadas - CPCC,25000 - Ministério da Economia,25205 - Fundação Instituto Brasileiro de Geografia e Estatística,"18,92"
Cartão de Pagamento do Governo Federal - CPGF,26000 - Ministério da Educação,26246 - Universidade Federal de Santa Catarina,"83,97"
Cartão de Pagamento do Governo Federal - CPGF,54000 - Ministério do Turismo,20203 - Agência Nacional do Cinema,"90,00"
Cartão de Pagamento do Governo Federal - CPGF,26000 - Ministério da Educação,26421 - Instituto Federal de Rondônia,"111,34"
Cartão de Pagamento do Governo Federal - CPGF,26000 - Ministério da Educação,26254 - Universidade Federal do Triângulo Mineiro,"138,00"
Cartão de Pagamento do Governo Federal - CPGF,"81000 - Ministério da Mulher, Família e Direitos Humanos","81000 - Ministério da Mulher, Família e Direitos Humanos - Unidades com vínculo direto","171,00"
Cartão de Pagamento do Governo Federal - CPGF,26000 - Ministério da Educação,26417 - Instituto Federal da Paraíba,"220,00"
Cartão de Pagamento do Governo Federal - CPGF,54000 - Ministério do Turismo,20412 - Fundação Nacional de Artes,"300,00"
Cartão de Pagamento do Governo Federal - CPGF,30000 - Ministério da Justiça e Segurança Pública,30211 - Conselho Administrativo de Defesa Econômica,"390,00"
Cartão de Pagamento do Governo Federal - CPGF,54000 - Ministério do Turismo,42207 - Instituto Brasileiro de Museus,"397,00"
Cartão de Pagamento do Governo Federal - CPGF,26000 - Ministério da Educação,26273 - Universidade Federal do Rio Grande,"400,29"
Cartão de Pagamento do Governo Federal - CPGF,26000 - Ministério da Educação,26279 - Fundação Universidade Federal do Piauí,"413,40"
Cartão de Pagamento do Governo Federal - CPGF,26000 - Ministério da Educação,26419 - Instituto Federal do Rio Grande do Sul,"415,10"
Cartão de Pagamento do Governo Federal - CPGF,26000 - Ministério da Educação,26201 - Colégio Pedro II,"500,00"
Cartão de Pagamento do Governo Federal - CPGF,54000 - Ministério do Turismo,54000 - Ministério do Turismo - Unidades com vínculo direto,"576,77"
Cartão de Pagamento do Governo Federal - CPGF,26000 - Ministério da Educação,26240 - Universidade Federal da Paraíba,"600,00"
Cartão de Pagamento do Governo Federal - CPGF,26000 - Ministério da Educação,26411 - Instituto Federal do Sudeste de Minas Gerais,"627,00"
Cartão de Pagamento do Governo Federal - CPGF,25000 - Ministério da Economia,20603 - Superintendência da Zona Franca de Manaus,"700,00"
Cartão de Pagamento do Governo Federal - CPGF,26000 - Ministério da Educação,26261 - Universidade Federal de Itajubá,"701,96"
Cartão de Pagamento do Governo Federal - CPGF,25000 - Ministério da Economia,25203 - Comissão de Valores Mobiliários,"785,44"
Cartão de Pagamento do Governo Federal - CPGF,39000 - Ministério da Infraestrutura,39000 - Ministério da Infraestrutura - Unidades com vínculo direto,"900,00"
Cartão de Pagamento do Governo Federal - CPGF,26000 - Ministério da Educação,26413 - Instituto Federal do Triângulo Mineiro,"907,87"
Cartão de Pagamento do Governo Federal - CPGF,32000 - Ministério de Minas e Energia,32263 - Departamento Nacional de Produção Mineral,"961,24"
Cartão de Pagamento do Governo Federal - CPGF,26000 - Ministério da Educação,26434 - Instituto Federal Fluminense,"1051,00"
Cartão de Pagamento do Governo Federal - CPGF,53000 - Ministério do Desenvolvimento Regional,53207 - Superintendência de Desenvolvimento do Centro-Oeste,"1079,86"
Cartão de Pagamento do Governo Federal - CPGF,39000 - Ministério da Infraestrutura,62201 - Agência Nacional de Aviação Civil,"1127,04"
Cartão de Pagamento do Governo Federal - CPGF,26000 - Ministério da Educação,26255 - Universidade Federal dos Vales do Jequitinhonha e Mucuri,"1143,50"
Cartão de Pagamento do Governo Federal - CPGF,"24000 - Ministério da Ciência, Tecnologia, Inovações e Comunicações",41231 - Agêncial Nacional de Telecomunicações,"1194,56"
Cartão de Pagamento do Governo Federal - CPGF,25000 - Ministério da Economia,61201 - Instituto de Pesquisa Econômica Aplicada,"1200,00"
Cartão de Pagamento do Governo Federal - CPGF,26000 - Ministério da Educação,26427 - Instituto Federal da Bahia,"1302,00"
Cartão de Pagamento do Governo Federal - CPGF,32000 - Ministério de Minas e Energia,32000 - Ministério de Minas e Energia - Unidades com vínculo direto,"1430,07"
Cartão de Pagamento do Governo Federal - CPGF,26000 - Ministério da Educação,26251 - Fundação Universidade Federal do Tocantins,"1454,22"
Cartão de Pagamento do Governo Federal - CPGF,53000 - Ministério do Desenvolvimento Regional,53000 - Ministério do Desenvolvimento Regional - Unidades com vínculo direto,"1521,65"
Cartão de Pagamento do Governo Federal - CPGF,26000 - Ministério da Educação,26242 - Universidade Federal de Pernambuco ,"1555,56"
Cartão de Pagamento do Governo Federal - CPGF,"24000 - Ministério da Ciência, Tecnologia, Inovações e Comunicações",20501 - Conselho Nacional de Desenvolvimento Científico e Tecnológico,"1673,47"
Cartão de Pagamento do Governo Federal - CPGF,25000 - Ministério da Economia,20202 - Fundação Escola Nacional de Administração Pública,"1778,31"
Cartão de Pagamento do Governo Federal - CPGF,32000 - Ministério de Minas e Energia,32210 - Agência Nacional de Energia Elétrica,"1789,61"
Cartão de Pagamento do Governo Federal - CPGF,38000 - Ministério do Trabalho e Emprego,38000 - Ministério do Trabalho e Emprego - Unidades com vínculo direto,"1822,65"
Cartão de Pagamento do Governo Federal - CPGF,26000 - Ministério da Educação,26402 - Instituto Federal de Alagoas,"1836,58"
Cartão de Pagamento do Governo Federal - CPGF,25000 - Ministério da Economia,37202 - Instituto Nacional do Seguro Social ,"1910,17"
Cartão de Pagamento do Governo Federal - CPGF,20000 - Presidência da República,20415 - Empresa Brasil de Comunicação,"2178,61"
Cartão de Pagamento do Governo Federal - CPGF,26000 - Ministério da Educação,26281 - Fundação Universidade Federal de Sergipe,"2190,00"
Cartão de Pagamento do Governo Federal - CPGF,44000 - Ministério do Meio Ambiente,44000 - Ministério do Meio Ambiente - Unidades com vínculo direto,"2199,38"
Cartão de Pagamento do Governo Federal - CPGF,32000 - Ministério de Minas e Energia,29208 - Companhia de Pesquisa de Recursos Minerais,"2411,92"
Cartão de Pagamento do Governo Federal - CPGF,53000 - Ministério do Desenvolvimento Regional,53203 - Superintendência do Desenvolvimento do Nordeste,"2567,26"
Cartão de Pagamento do Governo Federal - CPGF,26000 - Ministério da Educação,26285 - Fundação Universidade Federal de São João Del-Rei,"2645,50"
Cartão de Pagamento do Governo Federal - CPGF,26000 - Ministério da Educação,26257 - Centro Federal de Educação Tecnológica de Minas Gerais,"2946,60"
Cartão de Pagamento do Governo Federal - CPGF,26000 - Ministério da Educação,26276 - Fundação Universidade Federal do Mato Grosso,"3297,66"
Cartão de Pagamento do Governo Federal - CPGF,26000 - Ministério da Educação,26263 - Universidade Federal de Lavras ,"3612,86"
Cartão de Pagamento do Governo Federal - CPGF,20000 - Presidência da República,24208 - Instituto Nacional de Tecnologia da Informação,"3650,85"
Cartão de Pagamento do Governo Federal - CPGF,26000 - Ministério da Educação,26433 - Instituto Federal do Rio de Janeiro,"3971,60"
Cartão de Pagamento do Governo Federal - CPGF,37000 - Controladoria-Geral da União,37000 - Controladoria-Geral da União - Unidades com vínculo direto,"3972,88"
Cartão de Pagamento do Governo Federal - CPGF,26000 - Ministério da Educação,26235 - Universidade Federal de Goiás,"4074,58"
Cartão de Pagamento do Governo Federal - CPGF,26000 - Ministério da Educação,26438 - Instituto Federal de Santa Catarina,"4121,82"
Cartão de Pagamento do Governo Federal - CPGF,53000 - Ministério do Desenvolvimento Regional,44205 - Agência Nacional de Águas,"4251,70"
Cartão de Pagamento do Governo Federal - CPGF,39000 - Ministério da Infraestrutura,68201 - Agência Nacional de Transportes Aquaviários,"4288,22"
Cartão de Pagamento do Governo Federal - CPGF,26000 - Ministério da Educação,26403 - Instituto Federal do Amazonas,"4463,60"
Cartão de Pagamento do Governo Federal - CPGF,26000 - Ministério da Educação,26436 - Instituto Federal Sul-rio-grandense,"4695,99"
Cartão de Pagamento do Governo Federal - CPGF,26000 - Ministério da Educação,26282 - Universidade Federal de Viçosa,"4733,83"
Cartão de Pagamento do Governo Federal - CPGF,54000 - Ministério do Turismo,20411 - Instituto do Patrimônio Histórico e Artístico Nacional,"4771,10"
Cartão de Pagamento do Governo Federal - CPGF,26000 - Ministério da Educação,26238 - Universidade Federal de Minas Gerais,"5006,95"
Cartão de Pagamento do Governo Federal - CPGF,32000 - Ministério de Minas e Energia,"32205 - Agência Nacional do Petróleo, Gás Natural e Biocombustíveis","5700,62"
Cartão de Pagamento do Governo Federal - CPGF,26000 - Ministério da Educação,26292 - Fundação Joaquim Nabuco,"5939,25"
Cartão de Pagamento do Governo Federal - CPGF,20000 - Presidência da República,20116 - Fundo de Imprensa Nacional,"6211,00"
Cartão de Pagamento do Governo Federal - CPGF,26000 - Ministério da Educação,26404 - Instituto Federal Baiano,"6238,63"
Cartão de Pagamento do Governo Federal - CPGF,39000 - Ministério da Infraestrutura,39250 - Agência Nacional de Transportes Terrestres,"6655,11"
Cartão de Pagamento do Governo Federal - CPGF,26000 - Ministério da Educação,26258 - Universidade Tecnológica Federal do Paraná ,"6831,37"
Cartão de Pagamento do Governo Federal - CPGF,36000 - Ministério da Saúde,36213 - Agência Nacional de Saúde Suplementar,"7019,06"
Cartão de Pagamento do Governo Federal - CPGF,"24000 - Ministério da Ciência, Tecnologia, Inovações e Comunicações",20402 - Agência Espacial Brasileira,"7322,61"
Cartão de Pagamento do Governo Federal - CPGF,39000 - Ministério da Infraestrutura,39252 - Departamento Nacional de Infraestrutura de Transportes,"7523,57"
Cartão de Pagamento do Governo Federal - CPGF,39000 - Ministério da Infraestrutura,39253 - Empresa de Planejamento e Logística S.A.,"7617,37"
Cartão de Pagamento do Governo Federal - CPGF,26000 - Ministério da Educação,26439 - Instituto Federal de São Paulo,"7970,45"
Cartão de Pagamento do Governo Federal - CPGF,26000 - Ministério da Educação,26248 - Universidade Federal Rural de Pernambuco,"7990,00"
Cartão de Pagamento do Governo Federal - CPGF,26000 - Ministério da Educação,26267 - Universidade Federal da Integração Latino-Americana,"8200,00"
Cartão de Pagamento do Governo Federal - CPGF,26000 - Ministério da Educação,26406 - Instituto Federal do Espírito Santo,"9498,35"
Cartão de Pagamento do Governo Federal - CPGF,"24000 - Ministério da Ciência, Tecnologia, Inovações e Comunicações","24000 - Ministério da Ciência, Tecnologia, Inovações e Comunicações - Unidades com vínculo direto","9571,58"
Cartão de Pagamento do Governo Federal - CPGF,26000 - Ministério da Educação,26264 - Universidade Federal Rural do Semi-Árido,"10149,23"
Cartão de Pagamento do Governo Federal - CPGF,36000 - Ministério da Saúde,36212 - Agência Nacional de Vigilância Sanitária,"11077,50"
Cartão de Pagamento do Governo Federal - CPGF,44000 - Ministério do Meio Ambiente,20701 - Instituto Brasileiro do Meio Ambiente e dos Recursos Naturais Renováveis,"11693,22"
Cartão de Pagamento do Governo Federal - CPGF,26000 - Ministério da Educação,26452 - UNIVERSIDADE FEDERAL DE CATALAO,"11944,61"
Cartão de Pagamento do Governo Federal - CPGF,25000 - Ministério da Economia,"30203 - Instituto Nacional de Metrologia, Qualidade e Tecnologia","12620,99"
Cartão de Pagamento do Governo Federal - CPGF,26000 - Ministério da Educação,26424 - Instituto Federal do Tocantins,"14051,04"
Cartão de Pagamento do Governo Federal - CPGF,63000 - Advocacia-Geral da União,63000 - Advocacia-Geral da União - Unidades com vínculo direto,"14610,65"
Cartão de Pagamento do Governo Federal - CPGF,26000 - Ministério da Educação,26408 - Instituto Federal do Maranhão,"15623,72"
Cartão de Pagamento do Governo Federal - CPGF,26000 - Ministério da Educação,26437 - Instituto Federal de Roraima,"15817,35"
Cartão de Pagamento do Governo Federal - CPGF,26000 - Ministério da Educação,26266 - Fundação Universidade Federal do Pampa,"15844,12"
Cartão de Pagamento do Governo Federal - CPGF,"22000 - Ministério da Agricultura, Pecuária e Abastecimento",22211 - Companhia Nacional de Abastecimento,"17023,08"
Cartão de Pagamento do Governo Federal - CPGF,26000 - Ministério da Educação,26422 - Instituto Federal Catarinense,"17221,56"
Cartão de Pagamento do Governo Federal - CPGF,30000 - Ministério da Justiça e Segurança Pública,30000 - Ministério da Justiça e Segurança Pública - Unidades com vínculo direto,"20213,53"
Cartão de Pagamento do Governo Federal - CPGF,26000 - Ministério da Educação,26407 - Instituto Federal Goiano,"20776,81"
Cartão de Pagamento do Governo Federal - CPGF,25000 - Ministério da Economia,25201 - Banco Central do Brasil - Orçamento Fiscal e Seguridade Social,"21052,49"
Cartão de Pagamento do Governo Federal - CPGF,53000 - Ministério do Desenvolvimento Regional,22204 - Departamento Nacional de Obras Contra as Secas,"21821,52"
Cartão de Pagamento do Governo Federal - CPGF,26000 - Ministério da Educação,26278 - Fundação Universidade Federal de Pelotas,"21821,83"
Cartão de Pagamento do Governo Federal - CPGF,32000 - Ministério de Minas e Energia,32396 - Agência Nacional de Mineração,"23242,20"
Cartão de Pagamento do Governo Federal - CPGF,52000 - Ministério da Defesa,52221 - Indústria de Material Bélico do Brasil,"23859,76"
Cartão de Pagamento do Governo Federal - CPGF,53000 - Ministério do Desenvolvimento Regional,29214 - Companhia Brasileira de Trens Urbanos,"25225,61"
Cartão de Pagamento do Governo Federal - CPGF,26000 - Ministério da Educação,26414 - Instituto Federal do Mato Grosso,"25940,92"
Cartão de Pagamento do Governo Federal - CPGF,26000 - Ministério da Educação,26280 - Fundação Universidade Federal de São Carlos,"29308,63"
Cartão de Pagamento do Governo Federal - CPGF,25000 - Ministério da Economia,38901 - Fundo de Amparo ao Trabalhador,"30235,14"
Cartão de Pagamento do Governo Federal - CPGF,53000 - Ministério do Desenvolvimento Regional,22203 - Companhia de Desenvolvimento dos Vales do São Francisco e do Parnaíba,"30469,98"
Cartão de Pagamento do Governo Federal - CPGF,30000 - Ministério da Justiça e Segurança Pública,30907 - Fundo Penitenciário Nacional,"32678,88"
Cartão de Pagamento do Governo Federal - CPGF,36000 - Ministério da Saúde,36211 - Fundação Nacional de Saúde ,"34594,82"
Cartão de Pagamento do Governo Federal - CPGF,26000 - Ministério da Educação,26247 - Universidade Federal de Santa Maria,"34759,83"
Cartão de Pagamento do Governo Federal - CPGF,26000 - Ministério da Educação,26294 - Hospital de Clínicas de Porto Alegre,"38652,46"
Cartão de Pagamento do Governo Federal - CPGF,26000 - Ministério da Educação,26236 - Universidade Federal Fluminense,"39113,25"
Cartão de Pagamento do Governo Federal - CPGF,"24000 - Ministério da Ciência, Tecnologia, Inovações e Comunicações",20301 - Comissão Nacional de Energia Nuclear,"46087,00"
Cartão de Pagamento do Governo Federal - CPGF,26000 - Ministério da Educação,26243 - Universidade Federal do Rio Grande do Norte,"49524,42"
Cartão de Pagamento do Governo Federal - CPGF,"22000 - Ministério da Agricultura, Pecuária e Abastecimento",22202 - Empresa Brasileira de Pesquisa Agropecuária,"53345,72"
Cartão de Pagamento do Governo Federal - CPGF,52000 - Ministério da Defesa,52111 - Comando da Aeronáutica,"55604,95"
Cartão de Pagamento do Governo Federal - CPGF,36000 - Ministério da Saúde,36201 - Fundação Oswaldo Cruz,"55714,24"
Cartão de Pagamento do Governo Federal - CPGF,52000 - Ministério da Defesa,52904 - Fundo do Exército,"60175,65"
Cartão de Pagamento do Governo Federal - CPGF,26000 - Ministério da Educação,26268 - Fundação Universidade Federal de Rondônia,"61093,47"
Cartão de Pagamento do Governo Federal - CPGF,"22000 - Ministério da Agricultura, Pecuária e Abastecimento",22201 - Instituto Nacional de Colonização e Reforma Agrária,"64680,76"
Cartão de Pagamento do Governo Federal - CPGF,26000 - Ministério da Educação,26249 - Universidade Federal Rural do Rio de Janeiro ,"65412,88"
Cartão de Pagamento do Governo Federal - CPGF,20000 - Presidência da República,60000 - Gabinete da Vice-Presidência da República,"88604,21"
Cartão de Pagamento do Governo Federal - CPGF,30000 - Ministério da Justiça e Segurança Pública,30802 - Departamento de Polícia Rodoviária Federal,"114895,61"
Cartão de Pagamento do Governo Federal - CPGF,36000 - Ministério da Saúde,36210 - Hospital Nossa Senhora da Conceição S.A.,"141779,08"
Cartão de Pagamento do Governo Federal - CPGF,44000 - Ministério do Meio Ambiente,44207 - Instituto Chico Mendes de Conservação da Biodiversidade,"158626,23"
Cartão de Pagamento do Governo Federal - CPGF,26000 - Ministério da Educação,26409 - Instituto Federal de Minas Gerais,"176822,28"
Cartão de Pagamento do Governo Federal - CPGF,"22000 - Ministério da Agricultura, Pecuária e Abastecimento","22000 - Ministério da Agricultura, Pecuária e Abastecimento - Unidades com vínculo direto","189573,96"
Cartão de Pagamento do Governo Federal - CPGF,25000 - Ministério da Economia,25915 - Fundo Constitucional do Distrito Federal,"193388,18"
Cartão de Pagamento do Governo Federal - CPGF,52000 - Ministério da Defesa,52000 - Ministério da Defesa - Unidades com vínculo direto,"219477,64"
Cartão de Pagamento do Governo Federal - CPGF,52000 - Ministério da Defesa,52121 - Comando do Exército,"268089,44"
Cartão de Pagamento do Governo Federal - CPGF,25000 - Ministério da Economia,25000 - Ministério da Economia - Unidades com vínculo direto,"295271,51"
Cartão de Pagamento do Governo Federal - CPGF,26000 - Ministério da Educação,26443 - Empresa Brasileira de Serviços Hospitalares,"303534,18"
Cartão de Pagamento do Governo Federal - CPGF,25000 - Ministério da Economia,25205 - Fundação Instituto Brasileiro de Geografia e Estatística,"368321,49"
Cartão de Pagamento do Governo Federal - CPGF,36000 - Ministério da Saúde,36000 - Ministério da Saúde - Unidades com vínculo direto,"423611,71"
Cartão de Pagamento da Defesa Civil - CPDC,Sem informação,-1,"1856402,88"
Cartão de Pagamento do Governo Federal - CPGF,30000 - Ministério da Justiça e Segurança Pública,30108 - Departamento de Polícia Federal,"2071736,26"
Cartão de Pagamento do Governo Federal - CPGF,20000 - Presidência da República,20101 - Presidência da República,"2407078,38"
Cartão de Pagamento da Defesa Civil - CPDC,53000 - Ministério do Desenvolvimento Regional,53000 - Ministério do Desenvolvimento Regional - Unidades com vínculo direto,"17787256,20"
