TIPO DE CARTÃO,Órgão Superior,Órgão/Entidade Vinculada,VALOR GASTO NO PERIODO (R$)
Cartão de Pagamento do Governo Federal - CPGF,"24000 - Ministério da Ciência, Tecnologia, Inovações e Comunicações",20501 - Conselho Nacional de Desenvolvimento Científico e Tecnológico,"85,00"
Cartão de Pagamento do Governo Federal - CPGF,26000 - Ministério da Educação,26352 - Fundação Universidade Federal do ABC,"110,64"
Cartão de Pagamento do Governo Federal - CPGF,26000 - Ministério da Educação,26432 - Instituto Federal do Paraná,"128,00"
Cartão de Pagamento do Governo Federal - CPGF,44000 - Ministério do Meio Ambiente,44206 - Instituto de Pesquisas Jardim Botânico do Rio de Janeiro,"130,00"
Cartão de Pagamento do Governo Federal - CPGF,26000 - Ministério da Educação,26242 - Universidade Federal de Pernambuco ,"150,00"
Cartão de Pagamento do Governo Federal - CPGF,26000 - Ministério da Educação,26244 - Universidade Federal do Rio Grande do Sul,"180,82"
Cartão de Pagamento do Governo Federal - CPGF,25000 - Ministério da Economia,"37201 - Fundação Jorge Duprat Figueiredo, de Segurança e Medicina do Trabalho","189,60"
Cartão de Pagamento do Governo Federal - CPGF,32000 - Ministério de Minas e Energia,32314 - Empresa de Pesquisa Energética,"197,60"
Cartão de Pagamento do Governo Federal - CPGF,32000 - Ministério de Minas e Energia,32000 - Ministério de Minas e Energia - Unidades com vínculo direto,"210,00"
Cartão de Pagamento do Governo Federal - CPGF,44000 - Ministério do Meio Ambiente,44000 - Ministério do Meio Ambiente - Unidades com vínculo direto,"257,80"
Cartão de Pagamento do Governo Federal - CPGF,26000 - Ministério da Educação,26282 - Universidade Federal de Viçosa,"270,00"
Cartão de Pagamento do Governo Federal - CPGF,26000 - Ministério da Educação,26260 - Universidade Federal de Alfenas ,"329,17"
Cartão de Pagamento do Governo Federal - CPGF,26000 - Ministério da Educação,26277 - Universidade Federal de Ouro Preto,"406,15"
Cartão de Pagamento do Governo Federal - CPGF,26000 - Ministério da Educação,26411 - Instituto Federal do Sudeste de Minas Gerais,"486,00"
Cartão de Pagamento do Governo Federal - CPGF,"24000 - Ministério da Ciência, Tecnologia, Inovações e Comunicações",41231 - Agêncial Nacional de Telecomunicações,"500,00"
Cartão de Pagamento do Governo Federal - CPGF,26000 - Ministério da Educação,26248 - Universidade Federal Rural de Pernambuco,"595,50"
Cartão de Pagamento do Governo Federal - CPGF,26000 - Ministério da Educação,26276 - Fundação Universidade Federal do Mato Grosso,"602,74"
Cartão de Pagamento do Governo Federal - CPGF,26000 - Ministério da Educação,26230 - Fundação Universidade Federal do Vale do São Francisco,"625,90"
Cartão de Pagamento do Governo Federal - CPGF,54000 - Ministério do Turismo,42207 - Instituto Brasileiro de Museus,"697,17"
Cartão de Pagamento do Governo Federal - CPGF,39000 - Ministério da Infraestrutura,39253 - Empresa de Planejamento e Logística S.A.,"760,67"
Cartão de Pagamento do Governo Federal - CPGF,26000 - Ministério da Educação,26434 - Instituto Federal Fluminense,"822,30"
Cartão de Pagamento do Governo Federal - CPGF,26000 - Ministério da Educação,26274 - Fundação Universidade Federal de Uberlândia ,"873,00"
Cartão de Pagamento do Governo Federal - CPGF,26000 - Ministério da Educação,26402 - Instituto Federal de Alagoas,"899,02"
Cartão de Pagamento do Governo Federal - CPGF,26000 - Ministério da Educação,26413 - Instituto Federal do Triângulo Mineiro,"961,46"
Cartão de Pagamento do Governo Federal - CPGF,25000 - Ministério da Economia,33206 - Superintendência Nacional de Previdência Complementar,"1036,48"
Cartão de Pagamento do Governo Federal - CPGF,25000 - Ministério da Economia,20202 - Fundação Escola Nacional de Administração Pública,"1044,99"
Cartão de Pagamento do Governo Federal - CPGF,25000 - Ministério da Economia,61201 - Instituto de Pesquisa Econômica Aplicada,"1073,10"
Cartão de Pagamento do Governo Federal - CPGF,26000 - Ministério da Educação,26246 - Universidade Federal de Santa Catarina,"1297,90"
Cartão de Pagamento do Governo Federal - CPGF,26000 - Ministério da Educação,26410 - Instituto Federal do Norte de Minas Gerais,"1302,23"
Cartão de Pagamento do Governo Federal - CPGF,53000 - Ministério do Desenvolvimento Regional,53207 - Superintendência de Desenvolvimento do Centro-Oeste,"1428,90"
Cartão de Pagamento do Governo Federal - CPGF,26000 - Ministério da Educação,26255 - Universidade Federal dos Vales do Jequitinhonha e Mucuri,"1434,70"
Cartão de Pagamento do Governo Federal - CPGF,54000 - Ministério do Turismo,20412 - Fundação Nacional de Artes,"1458,00"
Cartão de Pagamento do Governo Federal - CPGF,"22000 - Ministério da Agricultura, Pecuária e Abastecimento",44208 - Serviço Florestal Brasileiro,"1478,40"
Cartão de Pagamento do Governo Federal - CPGF,26000 - Ministério da Educação,26403 - Instituto Federal do Amazonas,"1647,05"
Cartão de Pagamento do Governo Federal - CPGF,30000 - Ministério da Justiça e Segurança Pública,30211 - Conselho Administrativo de Defesa Econômica,"1796,86"
Cartão de Pagamento do Governo Federal - CPGF,"81000 - Ministério da Mulher, Família e Direitos Humanos","81000 - Ministério da Mulher, Família e Direitos Humanos - Unidades com vínculo direto","1861,00"
Cartão de Pagamento do Governo Federal - CPGF,54000 - Ministério do Turismo,20408 - Fundação Cultural Palmares,"1895,00"
Cartão de Pagamento do Governo Federal - CPGF,26000 - Ministério da Educação,26415 - Instituto Federal do Mato Grosso do Sul,"1907,60"
Cartão de Pagamento do Governo Federal - CPGF,26000 - Ministério da Educação,26273 - Universidade Federal do Rio Grande,"1956,11"
Cartão de Pagamento de Compras Centralizadas - CPCC,26000 - Ministério da Educação,26408 - Instituto Federal do Maranhão,"1958,95"
Cartão de Pagamento do Governo Federal - CPGF,20000 - Presidência da República,20116 - Fundo de Imprensa Nacional,"1960,00"
Cartão de Pagamento do Governo Federal - CPGF,53000 - Ministério do Desenvolvimento Regional,53203 - Superintendência do Desenvolvimento do Nordeste,"1968,86"
Cartão de Pagamento do Governo Federal - CPGF,26000 - Ministério da Educação,26284 - Fundação Universidade Federal de Ciências da Saúde de Porto Alegre,"2018,16"
Cartão de Pagamento do Governo Federal - CPGF,26000 - Ministério da Educação,26419 - Instituto Federal do Rio Grande do Sul,"2078,61"
Cartão de Pagamento do Governo Federal - CPGF,26000 - Ministério da Educação,26417 - Instituto Federal da Paraíba,"2127,28"
Cartão de Pagamento do Governo Federal - CPGF,44000 - Ministério do Meio Ambiente,20701 - Instituto Brasileiro do Meio Ambiente e dos Recursos Naturais Renováveis,"2156,57"
Cartão de Pagamento do Governo Federal - CPGF,32000 - Ministério de Minas e Energia,32210 - Agência Nacional de Energia Elétrica,"2490,10"
Cartão de Pagamento do Governo Federal - CPGF,26000 - Ministério da Educação,26245 - Universidade Federal do Rio de Janeiro,"2848,13"
Cartão de Pagamento do Governo Federal - CPGF,53000 - Ministério do Desenvolvimento Regional,53000 - Ministério do Desenvolvimento Regional - Unidades com vínculo direto,"2951,65"
Cartão de Pagamento do Governo Federal - CPGF,26000 - Ministério da Educação,26240 - Universidade Federal da Paraíba,"3169,82"
Cartão de Pagamento do Governo Federal - CPGF,26000 - Ministério da Educação,26264 - Universidade Federal Rural do Semi-Árido,"3275,90"
Cartão de Pagamento do Governo Federal - CPGF,26000 - Ministério da Educação,26268 - Fundação Universidade Federal de Rondônia,"3368,24"
Cartão de Pagamento do Governo Federal - CPGF,39000 - Ministério da Infraestrutura,62201 - Agência Nacional de Aviação Civil,"3506,15"
Cartão de Pagamento do Governo Federal - CPGF,26000 - Ministério da Educação,26266 - Fundação Universidade Federal do Pampa,"3535,48"
Cartão de Pagamento do Governo Federal - CPGF,26000 - Ministério da Educação,26261 - Universidade Federal de Itajubá,"3615,75"
Cartão de Pagamento do Governo Federal - CPGF,26000 - Ministério da Educação,26421 - Instituto Federal de Rondônia,"3771,30"
Cartão de Pagamento do Governo Federal - CPGF,54000 - Ministério do Turismo,20403 - Fundação Casa de Rui Barbosa,"3992,05"
Cartão de Pagamento do Governo Federal - CPGF,32000 - Ministério de Minas e Energia,32263 - Departamento Nacional de Produção Mineral,"4024,02"
Cartão de Pagamento do Governo Federal - CPGF,39000 - Ministério da Infraestrutura,39252 - Departamento Nacional de Infraestrutura de Transportes,"4067,13"
Cartão de Pagamento do Governo Federal - CPGF,26000 - Ministério da Educação,26271 - Fundação Universidade de Brasília,"4194,33"
Cartão de Pagamento do Governo Federal - CPGF,26000 - Ministério da Educação,26281 - Fundação Universidade Federal de Sergipe,"4309,65"
Cartão de Pagamento do Governo Federal - CPGF,39000 - Ministério da Infraestrutura,68201 - Agência Nacional de Transportes Aquaviários,"4602,73"
Cartão de Pagamento do Governo Federal - CPGF,53000 - Ministério do Desenvolvimento Regional,53202 - Superintendência do Desenvolvimento da Amazônia,"4728,28"
Cartão de Pagamento do Governo Federal - CPGF,26000 - Ministério da Educação,26254 - Universidade Federal do Triângulo Mineiro,"4851,40"
Cartão de Pagamento do Governo Federal - CPGF,26000 - Ministério da Educação,26238 - Universidade Federal de Minas Gerais,"4869,87"
Cartão de Pagamento do Governo Federal - CPGF,"22000 - Ministério da Agricultura, Pecuária e Abastecimento",22211 - Companhia Nacional de Abastecimento,"4979,04"
Cartão de Pagamento do Governo Federal - CPGF,35000 - Ministério das Relações Exteriores,35000 - Ministério das Relações Exteriores - Unidades com vínculo direto,"5205,00"
Cartão de Pagamento do Governo Federal - CPGF,20000 - Presidência da República,24208 - Instituto Nacional de Tecnologia da Informação,"5270,19"
Cartão de Pagamento do Governo Federal - CPGF,26000 - Ministério da Educação,26267 - Universidade Federal da Integração Latino-Americana,"5362,22"
Cartão de Pagamento do Governo Federal - CPGF,25000 - Ministério da Economia,25203 - Comissão de Valores Mobiliários,"5390,32"
Cartão de Pagamento do Governo Federal - CPGF,26000 - Ministério da Educação,26237 - Universidade Federal de Juiz de Fora,"5645,76"
Cartão de Pagamento do Governo Federal - CPGF,26000 - Ministério da Educação,26278 - Fundação Universidade Federal de Pelotas,"5760,59"
Cartão de Pagamento do Governo Federal - CPGF,39000 - Ministério da Infraestrutura,39000 - Ministério da Infraestrutura - Unidades com vínculo direto,"5928,85"
Cartão de Pagamento do Governo Federal - CPGF,20000 - Presidência da República,20415 - Empresa Brasil de Comunicação,"6006,93"
Cartão de Pagamento do Governo Federal - CPGF,26000 - Ministério da Educação,26404 - Instituto Federal Baiano,"6075,23"
Cartão de Pagamento do Governo Federal - CPGF,26000 - Ministério da Educação,26263 - Universidade Federal de Lavras ,"6228,45"
Cartão de Pagamento do Governo Federal - CPGF,26000 - Ministério da Educação,26436 - Instituto Federal Sul-rio-grandense,"6248,56"
Cartão de Pagamento do Governo Federal - CPGF,38000 - Ministério do Trabalho e Emprego,38000 - Ministério do Trabalho e Emprego - Unidades com vínculo direto,"6330,53"
Cartão de Pagamento do Governo Federal - CPGF,36000 - Ministério da Saúde,36213 - Agência Nacional de Saúde Suplementar,"6501,33"
Cartão de Pagamento do Governo Federal - CPGF,26000 - Ministério da Educação,26257 - Centro Federal de Educação Tecnológica de Minas Gerais,"6782,86"
Cartão de Pagamento do Governo Federal - CPGF,26000 - Ministério da Educação,26292 - Fundação Joaquim Nabuco,"7142,36"
Cartão de Pagamento do Governo Federal - CPGF,30000 - Ministério da Justiça e Segurança Pública,30000 - Ministério da Justiça e Segurança Pública - Unidades com vínculo direto,"7207,02"
Cartão de Pagamento do Governo Federal - CPGF,32000 - Ministério de Minas e Energia,"32205 - Agência Nacional do Petróleo, Gás Natural e Biocombustíveis","8355,21"
Cartão de Pagamento do Governo Federal - CPGF,39000 - Ministério da Infraestrutura,39250 - Agência Nacional de Transportes Terrestres,"8571,48"
Cartão de Pagamento do Governo Federal - CPGF,53000 - Ministério do Desenvolvimento Regional,22204 - Departamento Nacional de Obras Contra as Secas,"9140,24"
Cartão de Pagamento do Governo Federal - CPGF,25000 - Ministério da Economia,37202 - Instituto Nacional do Seguro Social ,"9400,49"
Cartão de Pagamento do Governo Federal - CPGF,53000 - Ministério do Desenvolvimento Regional,44205 - Agência Nacional de Águas,"9559,78"
Cartão de Pagamento do Governo Federal - CPGF,26000 - Ministério da Educação,26439 - Instituto Federal de São Paulo,"9739,60"
Cartão de Pagamento do Governo Federal - CPGF,"24000 - Ministério da Ciência, Tecnologia, Inovações e Comunicações",20402 - Agência Espacial Brasileira,"10037,40"
Cartão de Pagamento do Governo Federal - CPGF,54000 - Ministério do Turismo,20411 - Instituto do Patrimônio Histórico e Artístico Nacional,"10544,32"
Cartão de Pagamento do Governo Federal - CPGF,26000 - Ministério da Educação,26422 - Instituto Federal Catarinense,"10962,72"
Cartão de Pagamento do Governo Federal - CPGF,26000 - Ministério da Educação,26243 - Universidade Federal do Rio Grande do Norte,"10962,97"
Cartão de Pagamento do Governo Federal - CPGF,26000 - Ministério da Educação,26438 - Instituto Federal de Santa Catarina,"11269,28"
Cartão de Pagamento do Governo Federal - CPGF,25000 - Ministério da Economia,"30203 - Instituto Nacional de Metrologia, Qualidade e Tecnologia","12777,74"
Cartão de Pagamento do Governo Federal - CPGF,"24000 - Ministério da Ciência, Tecnologia, Inovações e Comunicações",20301 - Comissão Nacional de Energia Nuclear,"12949,75"
Cartão de Pagamento do Governo Federal - CPGF,37000 - Controladoria-Geral da União,37000 - Controladoria-Geral da União - Unidades com vínculo direto,"13384,32"
Cartão de Pagamento do Governo Federal - CPGF,26000 - Ministério da Educação,26247 - Universidade Federal de Santa Maria,"13564,17"
Cartão de Pagamento do Governo Federal - CPGF,26000 - Ministério da Educação,26407 - Instituto Federal Goiano,"15210,06"
Cartão de Pagamento do Governo Federal - CPGF,25000 - Ministério da Economia,20603 - Superintendência da Zona Franca de Manaus,"16169,51"
Cartão de Pagamento do Governo Federal - CPGF,26000 - Ministério da Educação,26406 - Instituto Federal do Espírito Santo,"16437,83"
Cartão de Pagamento do Governo Federal - CPGF,25000 - Ministério da Economia,38901 - Fundo de Amparo ao Trabalhador,"16789,20"
Cartão de Pagamento do Governo Federal - CPGF,30000 - Ministério da Justiça e Segurança Pública,30907 - Fundo Penitenciário Nacional,"17333,67"
Cartão de Pagamento do Governo Federal - CPGF,26000 - Ministério da Educação,26408 - Instituto Federal do Maranhão,"17354,57"
Cartão de Pagamento do Governo Federal - CPGF,26000 - Ministério da Educação,26285 - Fundação Universidade Federal de São João Del-Rei,"18199,33"
Cartão de Pagamento do Governo Federal - CPGF,32000 - Ministério de Minas e Energia,29208 - Companhia de Pesquisa de Recursos Minerais,"19929,01"
Cartão de Pagamento do Governo Federal - CPGF,26000 - Ministério da Educação,26414 - Instituto Federal do Mato Grosso,"20408,69"
Cartão de Pagamento do Governo Federal - CPGF,36000 - Ministério da Saúde,36211 - Fundação Nacional de Saúde ,"21325,06"
Cartão de Pagamento do Governo Federal - CPGF,26000 - Ministério da Educação,26258 - Universidade Tecnológica Federal do Paraná ,"21990,37"
Cartão de Pagamento do Governo Federal - CPGF,"22000 - Ministério da Agricultura, Pecuária e Abastecimento",22202 - Empresa Brasileira de Pesquisa Agropecuária,"22977,89"
Cartão de Pagamento do Governo Federal - CPGF,52000 - Ministério da Defesa,52221 - Indústria de Material Bélico do Brasil,"26837,06"
Cartão de Pagamento do Governo Federal - CPGF,26000 - Ministério da Educação,26409 - Instituto Federal de Minas Gerais,"27639,75"
Cartão de Pagamento do Governo Federal - CPGF,26000 - Ministério da Educação,26424 - Instituto Federal do Tocantins,"29029,64"
Cartão de Pagamento do Governo Federal - CPGF,"22000 - Ministério da Agricultura, Pecuária e Abastecimento",22201 - Instituto Nacional de Colonização e Reforma Agrária,"29647,28"
Cartão de Pagamento do Governo Federal - CPGF,53000 - Ministério do Desenvolvimento Regional,22203 - Companhia de Desenvolvimento dos Vales do São Francisco e do Parnaíba,"29892,15"
Cartão de Pagamento do Governo Federal - CPGF,26000 - Ministério da Educação,26249 - Universidade Federal Rural do Rio de Janeiro ,"29935,77"
Cartão de Pagamento do Governo Federal - CPGF,36000 - Ministério da Saúde,36212 - Agência Nacional de Vigilância Sanitária,"30293,06"
Cartão de Pagamento do Governo Federal - CPGF,36000 - Ministério da Saúde,36000 - Ministério da Saúde - Unidades com vínculo direto,"31130,09"
Cartão de Pagamento do Governo Federal - CPGF,"24000 - Ministério da Ciência, Tecnologia, Inovações e Comunicações","24000 - Ministério da Ciência, Tecnologia, Inovações e Comunicações - Unidades com vínculo direto","31717,04"
Cartão de Pagamento do Governo Federal - CPGF,26000 - Ministério da Educação,26294 - Hospital de Clínicas de Porto Alegre,"31822,75"
Cartão de Pagamento do Governo Federal - CPGF,63000 - Advocacia-Geral da União,63000 - Advocacia-Geral da União - Unidades com vínculo direto,"33584,65"
Cartão de Pagamento do Governo Federal - CPGF,26000 - Ministério da Educação,26280 - Fundação Universidade Federal de São Carlos,"33929,06"
Cartão de Pagamento do Governo Federal - CPGF,52000 - Ministério da Defesa,52904 - Fundo do Exército,"34963,62"
Cartão de Pagamento do Governo Federal - CPGF,53000 - Ministério do Desenvolvimento Regional,29214 - Companhia Brasileira de Trens Urbanos,"39268,11"
Cartão de Pagamento do Governo Federal - CPGF,36000 - Ministério da Saúde,36201 - Fundação Oswaldo Cruz,"42819,51"
Cartão de Pagamento do Governo Federal - CPGF,26000 - Ministério da Educação,26236 - Universidade Federal Fluminense,"43484,56"
Cartão de Pagamento do Governo Federal - CPGF,32000 - Ministério de Minas e Energia,32396 - Agência Nacional de Mineração,"54190,44"
Cartão de Pagamento do Governo Federal - CPGF,25000 - Ministério da Economia,25201 - Banco Central do Brasil - Orçamento Fiscal e Seguridade Social,"65341,76"
Cartão de Pagamento do Governo Federal - CPGF,44000 - Ministério do Meio Ambiente,44207 - Instituto Chico Mendes de Conservação da Biodiversidade,"83710,39"
Cartão de Pagamento do Governo Federal - CPGF,25000 - Ministério da Economia,25915 - Fundo Constitucional do Distrito Federal,"93777,97"
Cartão de Pagamento do Governo Federal - CPGF,52000 - Ministério da Defesa,52000 - Ministério da Defesa - Unidades com vínculo direto,"100942,18"
Cartão de Pagamento do Governo Federal - CPGF,"22000 - Ministério da Agricultura, Pecuária e Abastecimento","22000 - Ministério da Agricultura, Pecuária e Abastecimento - Unidades com vínculo direto","102007,29"
Cartão de Pagamento do Governo Federal - CPGF,36000 - Ministério da Saúde,36210 - Hospital Nossa Senhora da Conceição S.A.,"119890,69"
Cartão de Pagamento do Governo Federal - CPGF,20000 - Presidência da República,60000 - Gabinete da Vice-Presidência da República,"128115,00"
Cartão de Pagamento do Governo Federal - CPGF,52000 - Ministério da Defesa,52121 - Comando do Exército,"139622,36"
Cartão de Pagamento do Governo Federal - CPGF,26000 - Ministério da Educação,26443 - Empresa Brasileira de Serviços Hospitalares,"150653,20"
Cartão de Pagamento do Governo Federal - CPGF,30000 - Ministério da Justiça e Segurança Pública,30802 - Departamento de Polícia Rodoviária Federal,"211439,23"
Cartão de Pagamento do Governo Federal - CPGF,52000 - Ministério da Defesa,52111 - Comando da Aeronáutica,"220269,99"
Cartão de Pagamento do Governo Federal - CPGF,25000 - Ministério da Economia,25000 - Ministério da Economia - Unidades com vínculo direto,"223595,46"
Cartão de Pagamento do Governo Federal - CPGF,25000 - Ministério da Economia,25205 - Fundação Instituto Brasileiro de Geografia e Estatística,"761798,57"
Cartão de Pagamento do Governo Federal - CPGF,30000 - Ministério da Justiça e Segurança Pública,30108 - Departamento de Polícia Federal,"825454,61"
Cartão de Pagamento do Governo Federal - CPGF,20000 - Presidência da República,20101 - Presidência da República,"4922002,35"
Cartão de Pagamento da Defesa Civil - CPDC,53000 - Ministério do Desenvolvimento Regional,53000 - Ministério do Desenvolvimento Regional - Unidades com vínculo direto,"11267211,37"
