TIPO DE CARTÃO,Órgão Superior,Órgão/Entidade Vinculada,VALOR GASTO NO PERIODO (R$)
Cartão de Pagamento do Governo Federal - CPGF,"24000 - Ministério da Ciência, Tecnologia, Inovações e Comunicações",20501 - Conselho Nacional de Desenvolvimento Científico e Tecnológico,"5,00"
Cartão de Pagamento de Compras Centralizadas - CPCC,52000 - Ministério da Defesa,52904 - Fundo do Exército,"5,72"
Cartão de Pagamento do Governo Federal - CPGF,26000 - Ministério da Educação,26432 - Instituto Federal do Paraná,"68,00"
Cartão de Pagamento do Governo Federal - CPGF,26000 - Ministério da Educação,26352 - Fundação Universidade Federal do ABC,"88,80"
Cartão de Pagamento do Governo Federal - CPGF,53000 - Ministério do Desenvolvimento Regional,53202 - Superintendência do Desenvolvimento da Amazônia,"90,00"
Cartão de Pagamento de Compras Centralizadas - CPCC,26000 - Ministério da Educação,26408 - Instituto Federal do Maranhão,"129,00"
Cartão de Pagamento do Governo Federal - CPGF,25000 - Ministério da Economia,61201 - Instituto de Pesquisa Econômica Aplicada,"129,20"
Cartão de Pagamento do Governo Federal - CPGF,44000 - Ministério do Meio Ambiente,44206 - Instituto de Pesquisas Jardim Botânico do Rio de Janeiro,"130,00"
Cartão de Pagamento do Governo Federal - CPGF,26000 - Ministério da Educação,26242 - Universidade Federal de Pernambuco ,"150,00"
Cartão de Pagamento do Governo Federal - CPGF,26000 - Ministério da Educação,26244 - Universidade Federal do Rio Grande do Sul,"180,82"
Cartão de Pagamento do Governo Federal - CPGF,25000 - Ministério da Economia,"37201 - Fundação Jorge Duprat Figueiredo, de Segurança e Medicina do Trabalho","189,60"
Cartão de Pagamento do Governo Federal - CPGF,32000 - Ministério de Minas e Energia,32314 - Empresa de Pesquisa Energética,"197,60"
Cartão de Pagamento de Compras Centralizadas - CPCC,26000 - Ministério da Educação,26413 - Instituto Federal do Triângulo Mineiro,"199,90"
Cartão de Pagamento do Governo Federal - CPGF,53000 - Ministério do Desenvolvimento Regional,53207 - Superintendência de Desenvolvimento do Centro-Oeste,"245,00"
Cartão de Pagamento de Compras Centralizadas - CPCC,"24000 - Ministério da Ciência, Tecnologia, Inovações e Comunicações",41231 - Agêncial Nacional de Telecomunicações,"260,93"
Cartão de Pagamento do Governo Federal - CPGF,54000 - Ministério do Turismo,42207 - Instituto Brasileiro de Museus,"291,97"
Cartão de Pagamento do Governo Federal - CPGF,26000 - Ministério da Educação,26260 - Universidade Federal de Alfenas ,"329,17"
Cartão de Pagamento do Governo Federal - CPGF,39000 - Ministério da Infraestrutura,39253 - Empresa de Planejamento e Logística S.A.,"330,27"
Cartão de Pagamento do Governo Federal - CPGF,26000 - Ministério da Educação,26230 - Fundação Universidade Federal do Vale do São Francisco,"395,00"
Cartão de Pagamento do Governo Federal - CPGF,26000 - Ministério da Educação,26277 - Universidade Federal de Ouro Preto,"406,15"
Cartão de Pagamento do Governo Federal - CPGF,53000 - Ministério do Desenvolvimento Regional,53000 - Ministério do Desenvolvimento Regional - Unidades com vínculo direto,"590,00"
Cartão de Pagamento do Governo Federal - CPGF,54000 - Ministério do Turismo,20412 - Fundação Nacional de Artes,"600,00"
Cartão de Pagamento do Governo Federal - CPGF,44000 - Ministério do Meio Ambiente,44000 - Ministério do Meio Ambiente - Unidades com vínculo direto,"685,10"
Cartão de Pagamento do Governo Federal - CPGF,53000 - Ministério do Desenvolvimento Regional,53203 - Superintendência do Desenvolvimento do Nordeste,"730,58"
Cartão de Pagamento do Governo Federal - CPGF,26000 - Ministério da Educação,26413 - Instituto Federal do Triângulo Mineiro,"778,96"
Cartão de Pagamento do Governo Federal - CPGF,26000 - Ministério da Educação,26246 - Universidade Federal de Santa Catarina,"791,80"
Cartão de Pagamento do Governo Federal - CPGF,26000 - Ministério da Educação,26274 - Fundação Universidade Federal de Uberlândia ,"840,00"
Cartão de Pagamento do Governo Federal - CPGF,25000 - Ministério da Economia,33206 - Superintendência Nacional de Previdência Complementar,"868,01"
Cartão de Pagamento do Governo Federal - CPGF,26000 - Ministério da Educação,26276 - Fundação Universidade Federal do Mato Grosso,"947,84"
Cartão de Pagamento do Governo Federal - CPGF,26000 - Ministério da Educação,26255 - Universidade Federal dos Vales do Jequitinhonha e Mucuri,"1009,00"
Cartão de Pagamento do Governo Federal - CPGF,25000 - Ministério da Economia,20202 - Fundação Escola Nacional de Administração Pública,"1044,99"
Cartão de Pagamento do Governo Federal - CPGF,54000 - Ministério do Turismo,20203 - Agência Nacional do Cinema,"1200,00"
Cartão de Pagamento do Governo Federal - CPGF,"22000 - Ministério da Agricultura, Pecuária e Abastecimento",44208 - Serviço Florestal Brasileiro,"1228,40"
Cartão de Pagamento do Governo Federal - CPGF,26000 - Ministério da Educação,26279 - Fundação Universidade Federal do Piauí,"1299,00"
Cartão de Pagamento do Governo Federal - CPGF,26000 - Ministério da Educação,26419 - Instituto Federal do Rio Grande do Sul,"1332,50"
Cartão de Pagamento do Governo Federal - CPGF,26000 - Ministério da Educação,26417 - Instituto Federal da Paraíba,"1443,00"
Cartão de Pagamento do Governo Federal - CPGF,26000 - Ministério da Educação,26235 - Universidade Federal de Goiás,"1467,94"
Cartão de Pagamento do Governo Federal - CPGF,26000 - Ministério da Educação,26427 - Instituto Federal da Bahia,"1588,00"
Cartão de Pagamento do Governo Federal - CPGF,26000 - Ministério da Educação,26403 - Instituto Federal do Amazonas,"1647,05"
Cartão de Pagamento do Governo Federal - CPGF,54000 - Ministério do Turismo,20408 - Fundação Cultural Palmares,"1695,00"
Cartão de Pagamento do Governo Federal - CPGF,26000 - Ministério da Educação,26434 - Instituto Federal Fluminense,"1772,14"
Cartão de Pagamento do Governo Federal - CPGF,54000 - Ministério do Turismo,20403 - Fundação Casa de Rui Barbosa,"1809,96"
Cartão de Pagamento do Governo Federal - CPGF,26000 - Ministério da Educação,26411 - Instituto Federal do Sudeste de Minas Gerais,"2006,00"
Cartão de Pagamento do Governo Federal - CPGF,26000 - Ministério da Educação,26410 - Instituto Federal do Norte de Minas Gerais,"2149,80"
Cartão de Pagamento do Governo Federal - CPGF,30000 - Ministério da Justiça e Segurança Pública,30211 - Conselho Administrativo de Defesa Econômica,"2218,68"
Cartão de Pagamento do Governo Federal - CPGF,"81000 - Ministério da Mulher, Família e Direitos Humanos","81000 - Ministério da Mulher, Família e Direitos Humanos - Unidades com vínculo direto","2259,00"
Cartão de Pagamento do Governo Federal - CPGF,26000 - Ministério da Educação,26452 - UNIVERSIDADE FEDERAL DE CATALAO,"2374,91"
Cartão de Pagamento do Governo Federal - CPGF,26000 - Ministério da Educação,26273 - Universidade Federal do Rio Grande,"2386,91"
Cartão de Pagamento do Governo Federal - CPGF,32000 - Ministério de Minas e Energia,32000 - Ministério de Minas e Energia - Unidades com vínculo direto,"2439,00"
Cartão de Pagamento do Governo Federal - CPGF,26000 - Ministério da Educação,26284 - Fundação Universidade Federal de Ciências da Saúde de Porto Alegre,"2718,16"
Cartão de Pagamento do Governo Federal - CPGF,26000 - Ministério da Educação,26245 - Universidade Federal do Rio de Janeiro,"2848,13"
Cartão de Pagamento do Governo Federal - CPGF,39000 - Ministério da Infraestrutura,68201 - Agência Nacional de Transportes Aquaviários,"2888,48"
Cartão de Pagamento do Governo Federal - CPGF,26000 - Ministério da Educação,26281 - Fundação Universidade Federal de Sergipe,"3063,23"
Cartão de Pagamento do Governo Federal - CPGF,25000 - Ministério da Economia,25203 - Comissão de Valores Mobiliários,"3259,04"
Cartão de Pagamento do Governo Federal - CPGF,20000 - Presidência da República,24208 - Instituto Nacional de Tecnologia da Informação,"3416,00"
Cartão de Pagamento do Governo Federal - CPGF,26000 - Ministério da Educação,26292 - Fundação Joaquim Nabuco,"3451,10"
Cartão de Pagamento do Governo Federal - CPGF,26000 - Ministério da Educação,26257 - Centro Federal de Educação Tecnológica de Minas Gerais,"3526,17"
Cartão de Pagamento do Governo Federal - CPGF,26000 - Ministério da Educação,26254 - Universidade Federal do Triângulo Mineiro,"3560,90"
Cartão de Pagamento do Governo Federal - CPGF,26000 - Ministério da Educação,26271 - Fundação Universidade de Brasília,"3577,00"
Cartão de Pagamento do Governo Federal - CPGF,26000 - Ministério da Educação,26404 - Instituto Federal Baiano,"3632,81"
Cartão de Pagamento do Governo Federal - CPGF,26000 - Ministério da Educação,26261 - Universidade Federal de Itajubá,"3775,72"
Cartão de Pagamento do Governo Federal - CPGF,26000 - Ministério da Educação,26267 - Universidade Federal da Integração Latino-Americana,"3846,52"
Cartão de Pagamento do Governo Federal - CPGF,26000 - Ministério da Educação,26415 - Instituto Federal do Mato Grosso do Sul,"3907,75"
Cartão de Pagamento do Governo Federal - CPGF,32000 - Ministério de Minas e Energia,32263 - Departamento Nacional de Produção Mineral,"3916,77"
Cartão de Pagamento do Governo Federal - CPGF,26000 - Ministério da Educação,26421 - Instituto Federal de Rondônia,"4114,38"
Cartão de Pagamento do Governo Federal - CPGF,32000 - Ministério de Minas e Energia,32210 - Agência Nacional de Energia Elétrica,"4282,50"
Cartão de Pagamento do Governo Federal - CPGF,26000 - Ministério da Educação,26402 - Instituto Federal de Alagoas,"4530,00"
Cartão de Pagamento do Governo Federal - CPGF,32000 - Ministério de Minas e Energia,"32205 - Agência Nacional do Petróleo, Gás Natural e Biocombustíveis","4573,38"
Cartão de Pagamento do Governo Federal - CPGF,26000 - Ministério da Educação,26238 - Universidade Federal de Minas Gerais,"4696,66"
Cartão de Pagamento do Governo Federal - CPGF,"24000 - Ministério da Ciência, Tecnologia, Inovações e Comunicações",20402 - Agência Espacial Brasileira,"4715,18"
Cartão de Pagamento do Governo Federal - CPGF,26000 - Ministério da Educação,26237 - Universidade Federal de Juiz de Fora,"4803,30"
Cartão de Pagamento do Governo Federal - CPGF,35000 - Ministério das Relações Exteriores,35000 - Ministério das Relações Exteriores - Unidades com vínculo direto,"5000,00"
Cartão de Pagamento do Governo Federal - CPGF,53000 - Ministério do Desenvolvimento Regional,44205 - Agência Nacional de Águas,"5028,03"
Cartão de Pagamento do Governo Federal - CPGF,39000 - Ministério da Infraestrutura,39252 - Departamento Nacional de Infraestrutura de Transportes,"5049,60"
Cartão de Pagamento do Governo Federal - CPGF,26000 - Ministério da Educação,26268 - Fundação Universidade Federal de Rondônia,"5067,08"
Cartão de Pagamento do Governo Federal - CPGF,26000 - Ministério da Educação,26240 - Universidade Federal da Paraíba,"5270,84"
Cartão de Pagamento do Governo Federal - CPGF,39000 - Ministério da Infraestrutura,39000 - Ministério da Infraestrutura - Unidades com vínculo direto,"5559,95"
Cartão de Pagamento do Governo Federal - CPGF,20000 - Presidência da República,20116 - Fundo de Imprensa Nacional,"5579,43"
Cartão de Pagamento do Governo Federal - CPGF,26000 - Ministério da Educação,26263 - Universidade Federal de Lavras ,"5612,03"
Cartão de Pagamento do Governo Federal - CPGF,36000 - Ministério da Saúde,36213 - Agência Nacional de Saúde Suplementar,"5829,61"
Cartão de Pagamento do Governo Federal - CPGF,38000 - Ministério do Trabalho e Emprego,38000 - Ministério do Trabalho e Emprego - Unidades com vínculo direto,"6343,97"
Cartão de Pagamento do Governo Federal - CPGF,20000 - Presidência da República,20415 - Empresa Brasil de Comunicação,"6386,09"
Cartão de Pagamento do Governo Federal - CPGF,26000 - Ministério da Educação,26437 - Instituto Federal de Roraima,"6645,00"
Cartão de Pagamento do Governo Federal - CPGF,30000 - Ministério da Justiça e Segurança Pública,30000 - Ministério da Justiça e Segurança Pública - Unidades com vínculo direto,"7118,56"
Cartão de Pagamento do Governo Federal - CPGF,26000 - Ministério da Educação,26438 - Instituto Federal de Santa Catarina,"8327,33"
Cartão de Pagamento do Governo Federal - CPGF,26000 - Ministério da Educação,26266 - Fundação Universidade Federal do Pampa,"8331,49"
Cartão de Pagamento do Governo Federal - CPGF,25000 - Ministério da Economia,37202 - Instituto Nacional do Seguro Social ,"8509,52"
Cartão de Pagamento do Governo Federal - CPGF,32000 - Ministério de Minas e Energia,29208 - Companhia de Pesquisa de Recursos Minerais,"8566,64"
Cartão de Pagamento do Governo Federal - CPGF,54000 - Ministério do Turismo,20411 - Instituto do Patrimônio Histórico e Artístico Nacional,"9433,46"
Cartão de Pagamento do Governo Federal - CPGF,26000 - Ministério da Educação,26436 - Instituto Federal Sul-rio-grandense,"9577,74"
Cartão de Pagamento do Governo Federal - CPGF,53000 - Ministério do Desenvolvimento Regional,22204 - Departamento Nacional de Obras Contra as Secas,"9694,60"
Cartão de Pagamento do Governo Federal - CPGF,26000 - Ministério da Educação,26422 - Instituto Federal Catarinense,"10413,20"
Cartão de Pagamento do Governo Federal - CPGF,25000 - Ministério da Economia,20603 - Superintendência da Zona Franca de Manaus,"12882,76"
Cartão de Pagamento do Governo Federal - CPGF,26000 - Ministério da Educação,26264 - Universidade Federal Rural do Semi-Árido,"13180,92"
Cartão de Pagamento do Governo Federal - CPGF,44000 - Ministério do Meio Ambiente,20701 - Instituto Brasileiro do Meio Ambiente e dos Recursos Naturais Renováveis,"13603,73"
Cartão de Pagamento do Governo Federal - CPGF,26000 - Ministério da Educação,26407 - Instituto Federal Goiano,"13815,04"
Cartão de Pagamento do Governo Federal - CPGF,26000 - Ministério da Educação,26439 - Instituto Federal de São Paulo,"14083,10"
Cartão de Pagamento do Governo Federal - CPGF,25000 - Ministério da Economia,"30203 - Instituto Nacional de Metrologia, Qualidade e Tecnologia","15059,17"
Cartão de Pagamento do Governo Federal - CPGF,25000 - Ministério da Economia,38901 - Fundo de Amparo ao Trabalhador,"15152,05"
Cartão de Pagamento do Governo Federal - CPGF,26000 - Ministério da Educação,26258 - Universidade Tecnológica Federal do Paraná ,"15336,07"
Cartão de Pagamento do Governo Federal - CPGF,37000 - Controladoria-Geral da União,37000 - Controladoria-Geral da União - Unidades com vínculo direto,"15858,17"
Cartão de Pagamento do Governo Federal - CPGF,26000 - Ministério da Educação,26285 - Fundação Universidade Federal de São João Del-Rei,"16176,85"
Cartão de Pagamento do Governo Federal - CPGF,"22000 - Ministério da Agricultura, Pecuária e Abastecimento",22211 - Companhia Nacional de Abastecimento,"16182,53"
Cartão de Pagamento do Governo Federal - CPGF,26000 - Ministério da Educação,26406 - Instituto Federal do Espírito Santo,"16258,29"
Cartão de Pagamento do Governo Federal - CPGF,39000 - Ministério da Infraestrutura,62201 - Agência Nacional de Aviação Civil,"17232,69"
Cartão de Pagamento do Governo Federal - CPGF,26000 - Ministério da Educação,26408 - Instituto Federal do Maranhão,"17232,91"
Cartão de Pagamento do Governo Federal - CPGF,26000 - Ministério da Educação,26282 - Universidade Federal de Viçosa,"18927,20"
Cartão de Pagamento do Governo Federal - CPGF,"22000 - Ministério da Agricultura, Pecuária e Abastecimento",22202 - Empresa Brasileira de Pesquisa Agropecuária,"18956,30"
Cartão de Pagamento do Governo Federal - CPGF,36000 - Ministério da Saúde,36211 - Fundação Nacional de Saúde ,"20058,68"
Cartão de Pagamento do Governo Federal - CPGF,52000 - Ministério da Defesa,52111 - Comando da Aeronáutica,"20245,67"
Cartão de Pagamento do Governo Federal - CPGF,52000 - Ministério da Defesa,52221 - Indústria de Material Bélico do Brasil,"20550,68"
Cartão de Pagamento do Governo Federal - CPGF,26000 - Ministério da Educação,26424 - Instituto Federal do Tocantins,"22411,19"
Cartão de Pagamento do Governo Federal - CPGF,26000 - Ministério da Educação,26280 - Fundação Universidade Federal de São Carlos,"23391,13"
Cartão de Pagamento do Governo Federal - CPGF,"24000 - Ministério da Ciência, Tecnologia, Inovações e Comunicações",20301 - Comissão Nacional de Energia Nuclear,"23609,02"
Cartão de Pagamento do Governo Federal - CPGF,63000 - Advocacia-Geral da União,63000 - Advocacia-Geral da União - Unidades com vínculo direto,"24562,59"
Cartão de Pagamento do Governo Federal - CPGF,"24000 - Ministério da Ciência, Tecnologia, Inovações e Comunicações","24000 - Ministério da Ciência, Tecnologia, Inovações e Comunicações - Unidades com vínculo direto","25178,54"
Cartão de Pagamento do Governo Federal - CPGF,53000 - Ministério do Desenvolvimento Regional,22203 - Companhia de Desenvolvimento dos Vales do São Francisco e do Parnaíba,"27185,97"
Cartão de Pagamento do Governo Federal - CPGF,53000 - Ministério do Desenvolvimento Regional,29214 - Companhia Brasileira de Trens Urbanos,"28616,63"
Cartão de Pagamento do Governo Federal - CPGF,52000 - Ministério da Defesa,52904 - Fundo do Exército,"29740,47"
Cartão de Pagamento do Governo Federal - CPGF,25000 - Ministério da Economia,25201 - Banco Central do Brasil - Orçamento Fiscal e Seguridade Social,"32352,08"
Cartão de Pagamento do Governo Federal - CPGF,39000 - Ministério da Infraestrutura,39250 - Agência Nacional de Transportes Terrestres,"32560,19"
Cartão de Pagamento do Governo Federal - CPGF,26000 - Ministério da Educação,26236 - Universidade Federal Fluminense,"33644,98"
Cartão de Pagamento do Governo Federal - CPGF,32000 - Ministério de Minas e Energia,32396 - Agência Nacional de Mineração,"34117,45"
Cartão de Pagamento do Governo Federal - CPGF,26000 - Ministério da Educação,26294 - Hospital de Clínicas de Porto Alegre,"35873,37"
Cartão de Pagamento do Governo Federal - CPGF,30000 - Ministério da Justiça e Segurança Pública,30907 - Fundo Penitenciário Nacional,"38400,85"
Cartão de Pagamento do Governo Federal - CPGF,26000 - Ministério da Educação,26247 - Universidade Federal de Santa Maria,"42214,81"
Cartão de Pagamento do Governo Federal - CPGF,"22000 - Ministério da Agricultura, Pecuária e Abastecimento",22201 - Instituto Nacional de Colonização e Reforma Agrária,"46330,47"
Cartão de Pagamento do Governo Federal - CPGF,36000 - Ministério da Saúde,36212 - Agência Nacional de Vigilância Sanitária,"49712,40"
Cartão de Pagamento do Governo Federal - CPGF,26000 - Ministério da Educação,26249 - Universidade Federal Rural do Rio de Janeiro ,"50396,59"
Cartão de Pagamento do Governo Federal - CPGF,26000 - Ministério da Educação,26243 - Universidade Federal do Rio Grande do Norte,"50551,71"
Cartão de Pagamento do Governo Federal - CPGF,36000 - Ministério da Saúde,36201 - Fundação Oswaldo Cruz,"58371,15"
Cartão de Pagamento do Governo Federal - CPGF,26000 - Ministério da Educação,26414 - Instituto Federal do Mato Grosso,"64619,38"
Cartão de Pagamento do Governo Federal - CPGF,26000 - Ministério da Educação,26409 - Instituto Federal de Minas Gerais,"66276,93"
Cartão de Pagamento do Governo Federal - CPGF,36000 - Ministério da Saúde,36000 - Ministério da Saúde - Unidades com vínculo direto,"67623,80"
Cartão de Pagamento do Governo Federal - CPGF,26000 - Ministério da Educação,26278 - Fundação Universidade Federal de Pelotas,"74663,80"
Cartão de Pagamento do Governo Federal - CPGF,20000 - Presidência da República,60000 - Gabinete da Vice-Presidência da República,"84251,64"
Cartão de Pagamento do Governo Federal - CPGF,44000 - Ministério do Meio Ambiente,44207 - Instituto Chico Mendes de Conservação da Biodiversidade,"128251,96"
Cartão de Pagamento do Governo Federal - CPGF,"22000 - Ministério da Agricultura, Pecuária e Abastecimento","22000 - Ministério da Agricultura, Pecuária e Abastecimento - Unidades com vínculo direto","142772,02"
Cartão de Pagamento do Governo Federal - CPGF,25000 - Ministério da Economia,25915 - Fundo Constitucional do Distrito Federal,"147496,74"
Cartão de Pagamento do Governo Federal - CPGF,52000 - Ministério da Defesa,52121 - Comando do Exército,"152814,67"
Cartão de Pagamento do Governo Federal - CPGF,52000 - Ministério da Defesa,52000 - Ministério da Defesa - Unidades com vínculo direto,"155401,31"
Cartão de Pagamento do Governo Federal - CPGF,25000 - Ministério da Economia,25000 - Ministério da Economia - Unidades com vínculo direto,"204881,07"
Cartão de Pagamento do Governo Federal - CPGF,36000 - Ministério da Saúde,36210 - Hospital Nossa Senhora da Conceição S.A.,"221533,56"
Cartão de Pagamento do Governo Federal - CPGF,26000 - Ministério da Educação,26443 - Empresa Brasileira de Serviços Hospitalares,"280259,92"
Cartão de Pagamento do Governo Federal - CPGF,30000 - Ministério da Justiça e Segurança Pública,30802 - Departamento de Polícia Rodoviária Federal,"392108,33"
Cartão de Pagamento do Governo Federal - CPGF,25000 - Ministério da Economia,25205 - Fundação Instituto Brasileiro de Geografia e Estatística,"539492,26"
Cartão de Pagamento do Governo Federal - CPGF,30000 - Ministério da Justiça e Segurança Pública,30108 - Departamento de Polícia Federal,"1440269,93"
Cartão de Pagamento do Governo Federal - CPGF,20000 - Presidência da República,20101 - Presidência da República,"1723315,06"
Cartão de Pagamento da Defesa Civil - CPDC,53000 - Ministério do Desenvolvimento Regional,53000 - Ministério do Desenvolvimento Regional - Unidades com vínculo direto,"11230197,16"
