TIPO DE CARTÃO,Órgão Superior,Órgão/Entidade Vinculada,VALOR GASTO NO PERIODO (R$)
Cartão de Pagamento do Governo Federal - CPGF,52000 - Ministério da Defesa,52133 - Fundo de Desenvolvimento do Ensino Profissional Marítimo,"7,49"
Cartão de Pagamento do Governo Federal - CPGF,44000 - Ministério do Meio Ambiente,44206 - Instituto de Pesquisas Jardim Botânico do Rio de Janeiro,"200,00"
Cartão de Pagamento do Governo Federal - CPGF,26000 - Ministério da Educação,26241 - Universidade Federal do Paraná,"262,51"
Cartão de Pagamento do Governo Federal - CPGF,26000 - Ministério da Educação,26284 - Fundação Universidade Federal de Ciências da Saúde de Porto Alegre,"272,20"
Cartão de Pagamento do Governo Federal - CPGF,26000 - Ministério da Educação,26230 - Fundação Universidade Federal do Vale do São Francisco,"297,70"
Cartão de Pagamento do Governo Federal - CPGF,"24000 - Ministério da Ciência, Tecnologia, Inovações e Comunicações",20501 - Conselho Nacional de Desenvolvimento Científico e Tecnológico,"379,90"
Cartão de Pagamento do Governo Federal - CPGF,26000 - Ministério da Educação,26427 - Instituto Federal da Bahia,"400,00"
Cartão de Pagamento de Compras Centralizadas - CPCC,"81000 - Ministério da Mulher, Família e Direitos Humanos","81000 - Ministério da Mulher, Família e Direitos Humanos - Unidades com vínculo direto","444,74"
Cartão de Pagamento do Governo Federal - CPGF,26000 - Ministério da Educação,26419 - Instituto Federal do Rio Grande do Sul,"484,09"
Cartão de Pagamento do Governo Federal - CPGF,32000 - Ministério de Minas e Energia,32314 - Empresa de Pesquisa Energética,"493,80"
Cartão de Pagamento do Governo Federal - CPGF,26000 - Ministério da Educação,26432 - Instituto Federal do Paraná,"540,10"
Cartão de Pagamento do Governo Federal - CPGF,26000 - Ministério da Educação,26274 - Fundação Universidade Federal de Uberlândia ,"570,00"
Cartão de Pagamento do Governo Federal - CPGF,26000 - Ministério da Educação,26454 - UNIVERSIDADE FEDERAL DE RONDONÓPOLIS,"650,00"
Cartão de Pagamento do Governo Federal - CPGF,25000 - Ministério da Economia,20202 - Fundação Escola Nacional de Administração Pública,"740,34"
Cartão de Pagamento do Governo Federal - CPGF,54000 - Ministério do Turismo,20408 - Fundação Cultural Palmares,"746,00"
Cartão de Pagamento do Governo Federal - CPGF,54000 - Ministério do Turismo,20203 - Agência Nacional do Cinema,"750,00"
Cartão de Pagamento do Governo Federal - CPGF,26000 - Ministério da Educação,26431 - Instituto Federal do Piauí,"755,00"
Cartão de Pagamento do Governo Federal - CPGF,26000 - Ministério da Educação,26246 - Universidade Federal de Santa Catarina,"760,00"
Cartão de Pagamento do Governo Federal - CPGF,32000 - Ministério de Minas e Energia,32210 - Agência Nacional de Energia Elétrica,"798,70"
Cartão de Pagamento do Governo Federal - CPGF,26000 - Ministério da Educação,26350 - Fundação Universidade Federal da Grande Dourados,"886,00"
Cartão de Pagamento de Compras Centralizadas - CPCC,26000 - Ministério da Educação,26408 - Instituto Federal do Maranhão,"1011,54"
Cartão de Pagamento do Governo Federal - CPGF,26000 - Ministério da Educação,26255 - Universidade Federal dos Vales do Jequitinhonha e Mucuri,"1047,40"
Cartão de Pagamento do Governo Federal - CPGF,30000 - Ministério da Justiça e Segurança Pública,30000 - Ministério da Justiça e Segurança Pública - Unidades com vínculo direto,"1052,13"
Cartão de Pagamento do Governo Federal - CPGF,26000 - Ministério da Educação,26264 - Universidade Federal Rural do Semi-Árido,"1305,00"
Cartão de Pagamento do Governo Federal - CPGF,26000 - Ministério da Educação,26268 - Fundação Universidade Federal de Rondônia,"1453,59"
Cartão de Pagamento do Governo Federal - CPGF,54000 - Ministério do Turismo,20412 - Fundação Nacional de Artes,"1580,00"
Cartão de Pagamento do Governo Federal - CPGF,26000 - Ministério da Educação,26273 - Universidade Federal do Rio Grande,"1669,40"
Cartão de Pagamento do Governo Federal - CPGF,26000 - Ministério da Educação,26413 - Instituto Federal do Triângulo Mineiro,"1714,27"
Cartão de Pagamento do Governo Federal - CPGF,25000 - Ministério da Economia,61201 - Instituto de Pesquisa Econômica Aplicada,"1805,37"
Cartão de Pagamento do Governo Federal - CPGF,"24000 - Ministério da Ciência, Tecnologia, Inovações e Comunicações",20402 - Agência Espacial Brasileira,"1817,24"
Cartão de Pagamento do Governo Federal - CPGF,"24000 - Ministério da Ciência, Tecnologia, Inovações e Comunicações",41231 - Agêncial Nacional de Telecomunicações,"1852,70"
Cartão de Pagamento do Governo Federal - CPGF,26000 - Ministério da Educação,26279 - Fundação Universidade Federal do Piauí,"2023,30"
Cartão de Pagamento do Governo Federal - CPGF,26000 - Ministério da Educação,26261 - Universidade Federal de Itajubá,"2041,74"
Cartão de Pagamento do Governo Federal - CPGF,26000 - Ministério da Educação,26415 - Instituto Federal do Mato Grosso do Sul,"2190,53"
Cartão de Pagamento do Governo Federal - CPGF,26000 - Ministério da Educação,26452 - UNIVERSIDADE FEDERAL DE CATALAO,"2251,39"
Cartão de Pagamento do Governo Federal - CPGF,26000 - Ministério da Educação,26254 - Universidade Federal do Triângulo Mineiro,"2381,48"
Cartão de Pagamento do Governo Federal - CPGF,26000 - Ministério da Educação,26235 - Universidade Federal de Goiás,"2604,80"
Cartão de Pagamento do Governo Federal - CPGF,39000 - Ministério da Infraestrutura,62201 - Agência Nacional de Aviação Civil,"2654,86"
Cartão de Pagamento do Governo Federal - CPGF,54000 - Ministério do Turismo,20403 - Fundação Casa de Rui Barbosa,"2690,54"
Cartão de Pagamento do Governo Federal - CPGF,32000 - Ministério de Minas e Energia,32263 - Departamento Nacional de Produção Mineral,"2691,67"
Cartão de Pagamento do Governo Federal - CPGF,26000 - Ministério da Educação,26411 - Instituto Federal do Sudeste de Minas Gerais,"2770,00"
Cartão de Pagamento do Governo Federal - CPGF,"24000 - Ministério da Ciência, Tecnologia, Inovações e Comunicações",24216 - TELECOMUNICAÇÕES BRASILEIRAS S/A,"2850,68"
Cartão de Pagamento do Governo Federal - CPGF,30000 - Ministério da Justiça e Segurança Pública,30211 - Conselho Administrativo de Defesa Econômica,"2853,88"
Cartão de Pagamento do Governo Federal - CPGF,36000 - Ministério da Saúde,36213 - Agência Nacional de Saúde Suplementar,"2985,40"
Cartão de Pagamento do Governo Federal - CPGF,39000 - Ministério da Infraestrutura,68201 - Agência Nacional de Transportes Aquaviários,"3081,50"
Cartão de Pagamento do Governo Federal - CPGF,20000 - Presidência da República,20116 - Fundo de Imprensa Nacional,"3360,00"
Cartão de Pagamento do Governo Federal - CPGF,20000 - Presidência da República,24208 - Instituto Nacional de Tecnologia da Informação,"3383,55"
Cartão de Pagamento do Governo Federal - CPGF,53000 - Ministério do Desenvolvimento Regional,53203 - Superintendência do Desenvolvimento do Nordeste,"3386,44"
Cartão de Pagamento do Governo Federal - CPGF,26000 - Ministério da Educação,26421 - Instituto Federal de Rondônia,"3594,27"
Cartão de Pagamento do Governo Federal - CPGF,39000 - Ministério da Infraestrutura,39250 - Agência Nacional de Transportes Terrestres,"3658,91"
Cartão de Pagamento do Governo Federal - CPGF,26000 - Ministério da Educação,26433 - Instituto Federal do Rio de Janeiro,"3853,55"
Cartão de Pagamento do Governo Federal - CPGF,53000 - Ministério do Desenvolvimento Regional,53000 - Ministério do Desenvolvimento Regional - Unidades com vínculo direto,"3918,67"
Cartão de Pagamento do Governo Federal - CPGF,32000 - Ministério de Minas e Energia,32000 - Ministério de Minas e Energia - Unidades com vínculo direto,"4027,75"
Cartão de Pagamento do Governo Federal - CPGF,"22000 - Ministério da Agricultura, Pecuária e Abastecimento",44208 - Serviço Florestal Brasileiro,"4309,67"
Cartão de Pagamento do Governo Federal - CPGF,26000 - Ministério da Educação,26242 - Universidade Federal de Pernambuco ,"4391,57"
Cartão de Pagamento do Governo Federal - CPGF,26000 - Ministério da Educação,26417 - Instituto Federal da Paraíba,"4543,03"
Cartão de Pagamento do Governo Federal - CPGF,26000 - Ministério da Educação,26257 - Centro Federal de Educação Tecnológica de Minas Gerais,"4650,35"
Cartão de Pagamento do Governo Federal - CPGF,26000 - Ministério da Educação,26238 - Universidade Federal de Minas Gerais,"4745,75"
Cartão de Pagamento do Governo Federal - CPGF,26000 - Ministério da Educação,26292 - Fundação Joaquim Nabuco,"4805,89"
Cartão de Pagamento do Governo Federal - CPGF,53000 - Ministério do Desenvolvimento Regional,44205 - Agência Nacional de Águas,"5152,82"
Cartão de Pagamento do Governo Federal - CPGF,44000 - Ministério do Meio Ambiente,44000 - Ministério do Meio Ambiente - Unidades com vínculo direto,"5310,45"
Cartão de Pagamento do Governo Federal - CPGF,53000 - Ministério do Desenvolvimento Regional,53207 - Superintendência de Desenvolvimento do Centro-Oeste,"5402,85"
Cartão de Pagamento do Governo Federal - CPGF,32000 - Ministério de Minas e Energia,"32205 - Agência Nacional do Petróleo, Gás Natural e Biocombustíveis","5527,32"
Cartão de Pagamento do Governo Federal - CPGF,54000 - Ministério do Turismo,20411 - Instituto do Patrimônio Histórico e Artístico Nacional,"5726,36"
Cartão de Pagamento do Governo Federal - CPGF,25000 - Ministério da Economia,25203 - Comissão de Valores Mobiliários,"5771,23"
Cartão de Pagamento do Governo Federal - CPGF,32000 - Ministério de Minas e Energia,29208 - Companhia de Pesquisa de Recursos Minerais,"5917,04"
Cartão de Pagamento do Governo Federal - CPGF,26000 - Ministério da Educação,26285 - Fundação Universidade Federal de São João Del-Rei,"5935,27"
Cartão de Pagamento do Governo Federal - CPGF,39000 - Ministério da Infraestrutura,39252 - Departamento Nacional de Infraestrutura de Transportes,"6845,57"
Cartão de Pagamento do Governo Federal - CPGF,26000 - Ministério da Educação,26281 - Fundação Universidade Federal de Sergipe,"7308,22"
Cartão de Pagamento do Governo Federal - CPGF,26000 - Ministério da Educação,26276 - Fundação Universidade Federal do Mato Grosso,"7764,48"
Cartão de Pagamento do Governo Federal - CPGF,26000 - Ministério da Educação,26436 - Instituto Federal Sul-rio-grandense,"7769,21"
Cartão de Pagamento do Governo Federal - CPGF,26000 - Ministério da Educação,26402 - Instituto Federal de Alagoas,"7897,21"
Cartão de Pagamento do Governo Federal - CPGF,26000 - Ministério da Educação,26263 - Universidade Federal de Lavras ,"8659,20"
Cartão de Pagamento do Governo Federal - CPGF,26000 - Ministério da Educação,26438 - Instituto Federal de Santa Catarina,"8686,04"
Cartão de Pagamento do Governo Federal - CPGF,36000 - Ministério da Saúde,36212 - Agência Nacional de Vigilância Sanitária,"9233,91"
Cartão de Pagamento do Governo Federal - CPGF,26000 - Ministério da Educação,26434 - Instituto Federal Fluminense,"9635,20"
Cartão de Pagamento do Governo Federal - CPGF,25000 - Ministério da Economia,37202 - Instituto Nacional do Seguro Social ,"9756,07"
Cartão de Pagamento do Governo Federal - CPGF,26000 - Ministério da Educação,26243 - Universidade Federal do Rio Grande do Norte,"10080,80"
Cartão de Pagamento do Governo Federal - CPGF,26000 - Ministério da Educação,26278 - Fundação Universidade Federal de Pelotas,"10543,38"
Cartão de Pagamento do Governo Federal - CPGF,37000 - Controladoria-Geral da União,37000 - Controladoria-Geral da União - Unidades com vínculo direto,"10833,00"
Cartão de Pagamento do Governo Federal - CPGF,26000 - Ministério da Educação,26406 - Instituto Federal do Espírito Santo,"11875,75"
Cartão de Pagamento do Governo Federal - CPGF,55000 - Ministério da Cidadania,55000 - Ministério da Cidadania - Unidades com vínculo direto,"12381,60"
Cartão de Pagamento do Governo Federal - CPGF,"22000 - Ministério da Agricultura, Pecuária e Abastecimento",22211 - Companhia Nacional de Abastecimento,"14391,34"
Cartão de Pagamento do Governo Federal - CPGF,26000 - Ministério da Educação,26266 - Fundação Universidade Federal do Pampa,"14440,98"
Cartão de Pagamento do Governo Federal - CPGF,30000 - Ministério da Justiça e Segurança Pública,30907 - Fundo Penitenciário Nacional,"15071,31"
Cartão de Pagamento do Governo Federal - CPGF,26000 - Ministério da Educação,26414 - Instituto Federal do Mato Grosso,"15565,62"
Cartão de Pagamento do Governo Federal - CPGF,"22000 - Ministério da Agricultura, Pecuária e Abastecimento",22202 - Empresa Brasileira de Pesquisa Agropecuária,"15671,00"
Cartão de Pagamento do Governo Federal - CPGF,53000 - Ministério do Desenvolvimento Regional,53202 - Superintendência do Desenvolvimento da Amazônia,"15712,93"
Cartão de Pagamento do Governo Federal - CPGF,26000 - Ministério da Educação,26439 - Instituto Federal de São Paulo,"16249,13"
Cartão de Pagamento do Governo Federal - CPGF,36000 - Ministério da Saúde,36211 - Fundação Nacional de Saúde ,"16472,92"
Cartão de Pagamento do Governo Federal - CPGF,52000 - Ministério da Defesa,52131 - Comando da Marinha,"16626,44"
Cartão de Pagamento do Governo Federal - CPGF,"24000 - Ministério da Ciência, Tecnologia, Inovações e Comunicações","24000 - Ministério da Ciência, Tecnologia, Inovações e Comunicações - Unidades com vínculo direto","17351,63"
Cartão de Pagamento do Governo Federal - CPGF,26000 - Ministério da Educação,26408 - Instituto Federal do Maranhão,"17411,86"
Cartão de Pagamento do Governo Federal - CPGF,20000 - Presidência da República,20415 - Empresa Brasil de Comunicação,"17567,94"
Cartão de Pagamento do Governo Federal - CPGF,26000 - Ministério da Educação,26249 - Universidade Federal Rural do Rio de Janeiro ,"17655,43"
Cartão de Pagamento do Governo Federal - CPGF,26000 - Ministério da Educação,26407 - Instituto Federal Goiano,"18468,35"
Cartão de Pagamento do Governo Federal - CPGF,38000 - Ministério do Trabalho e Emprego,38000 - Ministério do Trabalho e Emprego - Unidades com vínculo direto,"19749,20"
Cartão de Pagamento do Governo Federal - CPGF,26000 - Ministério da Educação,26404 - Instituto Federal Baiano,"19775,88"
Cartão de Pagamento do Governo Federal - CPGF,26000 - Ministério da Educação,26409 - Instituto Federal de Minas Gerais,"19886,72"
Cartão de Pagamento do Governo Federal - CPGF,52000 - Ministério da Defesa,52221 - Indústria de Material Bélico do Brasil,"21278,96"
Cartão de Pagamento do Governo Federal - CPGF,26000 - Ministério da Educação,26258 - Universidade Tecnológica Federal do Paraná ,"21435,48"
Cartão de Pagamento do Governo Federal - CPGF,25000 - Ministério da Economia,20603 - Superintendência da Zona Franca de Manaus,"21810,45"
Cartão de Pagamento do Governo Federal - CPGF,25000 - Ministério da Economia,"30203 - Instituto Nacional de Metrologia, Qualidade e Tecnologia","22472,59"
Cartão de Pagamento do Governo Federal - CPGF,26000 - Ministério da Educação,26237 - Universidade Federal de Juiz de Fora,"22778,61"
Cartão de Pagamento do Governo Federal - CPGF,26000 - Ministério da Educação,26247 - Universidade Federal de Santa Maria,"23295,62"
Cartão de Pagamento do Governo Federal - CPGF,26000 - Ministério da Educação,26422 - Instituto Federal Catarinense,"24006,69"
Cartão de Pagamento do Governo Federal - CPGF,63000 - Advocacia-Geral da União,63000 - Advocacia-Geral da União - Unidades com vínculo direto,"24572,52"
Cartão de Pagamento do Governo Federal - CPGF,53000 - Ministério do Desenvolvimento Regional,22204 - Departamento Nacional de Obras Contra as Secas,"26772,60"
Cartão de Pagamento do Governo Federal - CPGF,26000 - Ministério da Educação,26424 - Instituto Federal do Tocantins,"28425,88"
Cartão de Pagamento do Governo Federal - CPGF,25000 - Ministério da Economia,25201 - Banco Central do Brasil - Orçamento Fiscal e Seguridade Social,"28765,24"
Cartão de Pagamento do Governo Federal - CPGF,53000 - Ministério do Desenvolvimento Regional,29214 - Companhia Brasileira de Trens Urbanos,"29161,34"
Cartão de Pagamento do Governo Federal - CPGF,53000 - Ministério do Desenvolvimento Regional,22203 - Companhia de Desenvolvimento dos Vales do São Francisco e do Parnaíba,"29205,30"
Cartão de Pagamento do Governo Federal - CPGF,25000 - Ministério da Economia,38901 - Fundo de Amparo ao Trabalhador,"29750,73"
Cartão de Pagamento do Governo Federal - CPGF,26000 - Ministério da Educação,26280 - Fundação Universidade Federal de São Carlos,"31914,47"
Cartão de Pagamento do Governo Federal - CPGF,44000 - Ministério do Meio Ambiente,20701 - Instituto Brasileiro do Meio Ambiente e dos Recursos Naturais Renováveis,"31943,77"
Cartão de Pagamento do Governo Federal - CPGF,32000 - Ministério de Minas e Energia,32396 - Agência Nacional de Mineração,"37779,10"
Cartão de Pagamento do Governo Federal - CPGF,26000 - Ministério da Educação,26294 - Hospital de Clínicas de Porto Alegre,"38484,11"
Cartão de Pagamento do Governo Federal - CPGF,36000 - Ministério da Saúde,36000 - Ministério da Saúde - Unidades com vínculo direto,"40911,13"
Cartão de Pagamento do Governo Federal - CPGF,26000 - Ministério da Educação,26267 - Universidade Federal da Integração Latino-Americana,"52601,77"
Cartão de Pagamento do Governo Federal - CPGF,"24000 - Ministério da Ciência, Tecnologia, Inovações e Comunicações",20301 - Comissão Nacional de Energia Nuclear,"53567,83"
Cartão de Pagamento do Governo Federal - CPGF,30000 - Ministério da Justiça e Segurança Pública,30802 - Departamento de Polícia Rodoviária Federal,"55523,89"
Cartão de Pagamento do Governo Federal - CPGF,36000 - Ministério da Saúde,36201 - Fundação Oswaldo Cruz,"57163,95"
Cartão de Pagamento do Governo Federal - CPGF,52000 - Ministério da Defesa,52000 - Ministério da Defesa - Unidades com vínculo direto,"62356,45"
Cartão de Pagamento do Governo Federal - CPGF,52000 - Ministério da Defesa,52111 - Comando da Aeronáutica,"76721,98"
Cartão de Pagamento do Governo Federal - CPGF,52000 - Ministério da Defesa,52904 - Fundo do Exército,"80747,51"
Cartão de Pagamento do Governo Federal - CPGF,26000 - Ministério da Educação,26443 - Empresa Brasileira de Serviços Hospitalares,"103866,21"
Cartão de Pagamento do Governo Federal - CPGF,25000 - Ministério da Economia,25915 - Fundo Constitucional do Distrito Federal,"124220,38"
Cartão de Pagamento do Governo Federal - CPGF,"22000 - Ministério da Agricultura, Pecuária e Abastecimento",22201 - Instituto Nacional de Colonização e Reforma Agrária,"149694,76"
Cartão de Pagamento do Governo Federal - CPGF,20000 - Presidência da República,60000 - Gabinete da Vice-Presidência da República,"153291,22"
Cartão de Pagamento do Governo Federal - CPGF,36000 - Ministério da Saúde,36210 - Hospital Nossa Senhora da Conceição S.A.,"155089,19"
Cartão de Pagamento do Governo Federal - CPGF,26000 - Ministério da Educação,26236 - Universidade Federal Fluminense,"156975,27"
Cartão de Pagamento do Governo Federal - CPGF,44000 - Ministério do Meio Ambiente,44207 - Instituto Chico Mendes de Conservação da Biodiversidade,"183556,19"
Cartão de Pagamento do Governo Federal - CPGF,"22000 - Ministério da Agricultura, Pecuária e Abastecimento","22000 - Ministério da Agricultura, Pecuária e Abastecimento - Unidades com vínculo direto","200870,61"
Cartão de Pagamento do Governo Federal - CPGF,25000 - Ministério da Economia,25000 - Ministério da Economia - Unidades com vínculo direto,"325183,96"
Cartão de Pagamento do Governo Federal - CPGF,25000 - Ministério da Economia,25205 - Fundação Instituto Brasileiro de Geografia e Estatística,"529700,08"
Cartão de Pagamento do Governo Federal - CPGF,52000 - Ministério da Defesa,52121 - Comando do Exército,"717862,74"
Cartão de Pagamento do Governo Federal - CPGF,30000 - Ministério da Justiça e Segurança Pública,30108 - Departamento de Polícia Federal,"2424639,70"
Cartão de Pagamento do Governo Federal - CPGF,20000 - Presidência da República,20101 - Presidência da República,"4209263,35"
Cartão de Pagamento da Defesa Civil - CPDC,53000 - Ministério do Desenvolvimento Regional,53000 - Ministério do Desenvolvimento Regional - Unidades com vínculo direto,"30644270,55"
