TIPO DE CARTÃO,Órgão Superior,Órgão/Entidade Vinculada,VALOR GASTO NO PERIODO (R$)
Cartão de Pagamento do Governo Federal - CPGF,26000 - Ministério da Educação,26432 - Instituto Federal do Paraná,"52,00"
Cartão de Pagamento do Governo Federal - CPGF,26000 - Ministério da Educação,26282 - Universidade Federal de Viçosa,"78,99"
Cartão de Pagamento do Governo Federal - CPGF,26000 - Ministério da Educação,26246 - Universidade Federal de Santa Catarina,"83,97"
Cartão de Pagamento do Governo Federal - CPGF,54000 - Ministério do Turismo,20203 - Agência Nacional do Cinema,"160,00"
Cartão de Pagamento do Governo Federal - CPGF,26000 - Ministério da Educação,26352 - Fundação Universidade Federal do ABC,"218,05"
Cartão de Pagamento do Governo Federal - CPGF,26000 - Ministério da Educação,26254 - Universidade Federal do Triângulo Mineiro,"245,00"
Cartão de Pagamento do Governo Federal - CPGF,44000 - Ministério do Meio Ambiente,44206 - Instituto de Pesquisas Jardim Botânico do Rio de Janeiro,"300,00"
Cartão de Pagamento do Governo Federal - CPGF,"81000 - Ministério da Mulher, Família e Direitos Humanos","81000 - Ministério da Mulher, Família e Direitos Humanos - Unidades com vínculo direto","383,20"
Cartão de Pagamento do Governo Federal - CPGF,26000 - Ministério da Educação,26417 - Instituto Federal da Paraíba,"420,00"
Cartão de Pagamento do Governo Federal - CPGF,26000 - Ministério da Educação,26431 - Instituto Federal do Piauí,"465,28"
Cartão de Pagamento do Governo Federal - CPGF,26000 - Ministério da Educação,26255 - Universidade Federal dos Vales do Jequitinhonha e Mucuri,"490,00"
Cartão de Pagamento do Governo Federal - CPGF,39000 - Ministério da Infraestrutura,39000 - Ministério da Infraestrutura - Unidades com vínculo direto,"500,00"
Cartão de Pagamento do Governo Federal - CPGF,32000 - Ministério de Minas e Energia,32314 - Empresa de Pesquisa Energética,"519,46"
Cartão de Pagamento do Governo Federal - CPGF,"24000 - Ministério da Ciência, Tecnologia, Inovações e Comunicações",20501 - Conselho Nacional de Desenvolvimento Científico e Tecnológico,"545,95"
Cartão de Pagamento do Governo Federal - CPGF,26000 - Ministério da Educação,26415 - Instituto Federal do Mato Grosso do Sul,"550,00"
Cartão de Pagamento do Governo Federal - CPGF,"24000 - Ministério da Ciência, Tecnologia, Inovações e Comunicações",41231 - Agêncial Nacional de Telecomunicações,"603,05"
Cartão de Pagamento do Governo Federal - CPGF,26000 - Ministério da Educação,26413 - Instituto Federal do Triângulo Mineiro,"703,30"
Cartão de Pagamento do Governo Federal - CPGF,32000 - Ministério de Minas e Energia,32263 - Departamento Nacional de Produção Mineral,"749,20"
Cartão de Pagamento do Governo Federal - CPGF,25000 - Ministério da Economia,25203 - Comissão de Valores Mobiliários,"785,44"
Cartão de Pagamento do Governo Federal - CPGF,26000 - Ministério da Educação,26284 - Fundação Universidade Federal de Ciências da Saúde de Porto Alegre,"810,00"
Cartão de Pagamento do Governo Federal - CPGF,"22000 - Ministério da Agricultura, Pecuária e Abastecimento",44208 - Serviço Florestal Brasileiro,"1000,00"
Cartão de Pagamento do Governo Federal - CPGF,25000 - Ministério da Economia,20202 - Fundação Escola Nacional de Administração Pública,"1045,56"
Cartão de Pagamento do Governo Federal - CPGF,53000 - Ministério do Desenvolvimento Regional,53207 - Superintendência de Desenvolvimento do Centro-Oeste,"1079,86"
Cartão de Pagamento do Governo Federal - CPGF,32000 - Ministério de Minas e Energia,29208 - Companhia de Pesquisa de Recursos Minerais,"1114,92"
Cartão de Pagamento do Governo Federal - CPGF,"24000 - Ministério da Ciência, Tecnologia, Inovações e Comunicações",24216 - TELECOMUNICAÇÕES BRASILEIRAS S/A,"1128,39"
Cartão de Pagamento do Governo Federal - CPGF,30000 - Ministério da Justiça e Segurança Pública,30211 - Conselho Administrativo de Defesa Econômica,"1129,70"
Cartão de Pagamento do Governo Federal - CPGF,26000 - Ministério da Educação,26261 - Universidade Federal de Itajubá,"1139,57"
Cartão de Pagamento do Governo Federal - CPGF,54000 - Ministério do Turismo,20412 - Fundação Nacional de Artes,"1200,00"
Cartão de Pagamento do Governo Federal - CPGF,26000 - Ministério da Educação,26237 - Universidade Federal de Juiz de Fora,"1222,85"
Cartão de Pagamento do Governo Federal - CPGF,26000 - Ministério da Educação,26427 - Instituto Federal da Bahia,"1239,82"
Cartão de Pagamento do Governo Federal - CPGF,26000 - Ministério da Educação,26405 - Instituto Federal do Ceará,"1293,02"
Cartão de Pagamento do Governo Federal - CPGF,26000 - Ministério da Educação,26421 - Instituto Federal de Rondônia,"1416,21"
Cartão de Pagamento do Governo Federal - CPGF,26000 - Ministério da Educação,26433 - Instituto Federal do Rio de Janeiro,"1445,02"
Cartão de Pagamento de Compras Centralizadas - CPCC,30000 - Ministério da Justiça e Segurança Pública,30802 - Departamento de Polícia Rodoviária Federal,"1447,62"
Cartão de Pagamento do Governo Federal - CPGF,53000 - Ministério do Desenvolvimento Regional,53000 - Ministério do Desenvolvimento Regional - Unidades com vínculo direto,"1479,44"
Cartão de Pagamento do Governo Federal - CPGF,26000 - Ministério da Educação,26419 - Instituto Federal do Rio Grande do Sul,"1511,50"
Cartão de Pagamento do Governo Federal - CPGF,26000 - Ministério da Educação,26238 - Universidade Federal de Minas Gerais,"1517,50"
Cartão de Pagamento do Governo Federal - CPGF,26000 - Ministério da Educação,26242 - Universidade Federal de Pernambuco ,"1555,56"
Cartão de Pagamento do Governo Federal - CPGF,26000 - Ministério da Educação,26402 - Instituto Federal de Alagoas,"1680,00"
Cartão de Pagamento do Governo Federal - CPGF,32000 - Ministério de Minas e Energia,32000 - Ministério de Minas e Energia - Unidades com vínculo direto,"1740,07"
Cartão de Pagamento do Governo Federal - CPGF,20000 - Presidência da República,24208 - Instituto Nacional de Tecnologia da Informação,"1767,30"
Cartão de Pagamento do Governo Federal - CPGF,32000 - Ministério de Minas e Energia,32210 - Agência Nacional de Energia Elétrica,"1789,61"
Cartão de Pagamento do Governo Federal - CPGF,26000 - Ministério da Educação,26201 - Colégio Pedro II,"1813,24"
Cartão de Pagamento do Governo Federal - CPGF,25000 - Ministério da Economia,61201 - Instituto de Pesquisa Econômica Aplicada,"1819,90"
Cartão de Pagamento do Governo Federal - CPGF,26000 - Ministério da Educação,26434 - Instituto Federal Fluminense,"1912,90"
Cartão de Pagamento do Governo Federal - CPGF,26000 - Ministério da Educação,26251 - Fundação Universidade Federal do Tocantins,"1968,02"
Cartão de Pagamento do Governo Federal - CPGF,39000 - Ministério da Infraestrutura,62201 - Agência Nacional de Aviação Civil,"2053,12"
Cartão de Pagamento do Governo Federal - CPGF,26000 - Ministério da Educação,26410 - Instituto Federal do Norte de Minas Gerais,"2190,90"
Cartão de Pagamento do Governo Federal - CPGF,26000 - Ministério da Educação,26273 - Universidade Federal do Rio Grande,"2294,79"
Cartão de Pagamento do Governo Federal - CPGF,25000 - Ministério da Economia,37202 - Instituto Nacional do Seguro Social ,"2634,47"
Cartão de Pagamento do Governo Federal - CPGF,54000 - Ministério do Turismo,20408 - Fundação Cultural Palmares,"2720,00"
Cartão de Pagamento do Governo Federal - CPGF,44000 - Ministério do Meio Ambiente,44000 - Ministério do Meio Ambiente - Unidades com vínculo direto,"2720,45"
Cartão de Pagamento do Governo Federal - CPGF,26000 - Ministério da Educação,26232 - Universidade Federal da Bahia,"3010,63"
Cartão de Pagamento do Governo Federal - CPGF,"24000 - Ministério da Ciência, Tecnologia, Inovações e Comunicações",20402 - Agência Espacial Brasileira,"3128,59"
Cartão de Pagamento do Governo Federal - CPGF,26000 - Ministério da Educação,26268 - Fundação Universidade Federal de Rondônia,"3417,20"
Cartão de Pagamento do Governo Federal - CPGF,26000 - Ministério da Educação,26257 - Centro Federal de Educação Tecnológica de Minas Gerais,"3465,80"
Cartão de Pagamento do Governo Federal - CPGF,26000 - Ministério da Educação,26263 - Universidade Federal de Lavras ,"3714,52"
Cartão de Pagamento do Governo Federal - CPGF,26000 - Ministério da Educação,26264 - Universidade Federal Rural do Semi-Árido,"3801,06"
Cartão de Pagamento do Governo Federal - CPGF,26000 - Ministério da Educação,26439 - Instituto Federal de São Paulo,"3993,23"
Cartão de Pagamento do Governo Federal - CPGF,26000 - Ministério da Educação,26403 - Instituto Federal do Amazonas,"4088,53"
Cartão de Pagamento do Governo Federal - CPGF,38000 - Ministério do Trabalho e Emprego,38000 - Ministério do Trabalho e Emprego - Unidades com vínculo direto,"4516,06"
Cartão de Pagamento do Governo Federal - CPGF,26000 - Ministério da Educação,26235 - Universidade Federal de Goiás,"5017,20"
Cartão de Pagamento do Governo Federal - CPGF,26000 - Ministério da Educação,26438 - Instituto Federal de Santa Catarina,"5203,04"
Cartão de Pagamento do Governo Federal - CPGF,26000 - Ministério da Educação,26404 - Instituto Federal Baiano,"5382,59"
Cartão de Pagamento do Governo Federal - CPGF,39000 - Ministério da Infraestrutura,39252 - Departamento Nacional de Infraestrutura de Transportes,"5479,87"
Cartão de Pagamento do Governo Federal - CPGF,26000 - Ministério da Educação,26285 - Fundação Universidade Federal de São João Del-Rei,"5483,90"
Cartão de Pagamento do Governo Federal - CPGF,39000 - Ministério da Infraestrutura,68201 - Agência Nacional de Transportes Aquaviários,"5749,17"
Cartão de Pagamento do Governo Federal - CPGF,37000 - Controladoria-Geral da União,37000 - Controladoria-Geral da União - Unidades com vínculo direto,"5847,87"
Cartão de Pagamento do Governo Federal - CPGF,26000 - Ministério da Educação,26258 - Universidade Tecnológica Federal do Paraná ,"5894,24"
Cartão de Pagamento do Governo Federal - CPGF,53000 - Ministério do Desenvolvimento Regional,44205 - Agência Nacional de Águas,"6041,46"
Cartão de Pagamento do Governo Federal - CPGF,39000 - Ministério da Infraestrutura,39250 - Agência Nacional de Transportes Terrestres,"6108,66"
Cartão de Pagamento do Governo Federal - CPGF,26000 - Ministério da Educação,26292 - Fundação Joaquim Nabuco,"6419,62"
Cartão de Pagamento do Governo Federal - CPGF,26000 - Ministério da Educação,26436 - Instituto Federal Sul-rio-grandense,"6991,52"
Cartão de Pagamento do Governo Federal - CPGF,32000 - Ministério de Minas e Energia,"32205 - Agência Nacional do Petróleo, Gás Natural e Biocombustíveis","7593,83"
Cartão de Pagamento do Governo Federal - CPGF,39000 - Ministério da Infraestrutura,39253 - Empresa de Planejamento e Logística S.A.,"7660,00"
Cartão de Pagamento do Governo Federal - CPGF,20000 - Presidência da República,20116 - Fundo de Imprensa Nacional,"7986,00"
Cartão de Pagamento do Governo Federal - CPGF,30000 - Ministério da Justiça e Segurança Pública,30000 - Ministério da Justiça e Segurança Pública - Unidades com vínculo direto,"8167,97"
Cartão de Pagamento do Governo Federal - CPGF,26000 - Ministério da Educação,26452 - UNIVERSIDADE FEDERAL DE CATALAO,"8239,56"
Cartão de Pagamento do Governo Federal - CPGF,26000 - Ministério da Educação,26267 - Universidade Federal da Integração Latino-Americana,"8298,38"
Cartão de Pagamento do Governo Federal - CPGF,53000 - Ministério do Desenvolvimento Regional,53203 - Superintendência do Desenvolvimento do Nordeste,"8586,22"
Cartão de Pagamento do Governo Federal - CPGF,"24000 - Ministério da Ciência, Tecnologia, Inovações e Comunicações","24000 - Ministério da Ciência, Tecnologia, Inovações e Comunicações - Unidades com vínculo direto","9122,03"
Cartão de Pagamento do Governo Federal - CPGF,54000 - Ministério do Turismo,20411 - Instituto do Patrimônio Histórico e Artístico Nacional,"11223,73"
Cartão de Pagamento do Governo Federal - CPGF,36000 - Ministério da Saúde,36213 - Agência Nacional de Saúde Suplementar,"11467,85"
Cartão de Pagamento do Governo Federal - CPGF,"22000 - Ministério da Agricultura, Pecuária e Abastecimento",22211 - Companhia Nacional de Abastecimento,"11939,79"
Cartão de Pagamento do Governo Federal - CPGF,26000 - Ministério da Educação,26266 - Fundação Universidade Federal do Pampa,"12111,71"
Cartão de Pagamento do Governo Federal - CPGF,25000 - Ministério da Economia,"30203 - Instituto Nacional de Metrologia, Qualidade e Tecnologia","12535,07"
Cartão de Pagamento do Governo Federal - CPGF,26000 - Ministério da Educação,26406 - Instituto Federal do Espírito Santo,"12731,15"
Cartão de Pagamento do Governo Federal - CPGF,36000 - Ministério da Saúde,36212 - Agência Nacional de Vigilância Sanitária,"13399,11"
Cartão de Pagamento do Governo Federal - CPGF,36000 - Ministério da Saúde,36211 - Fundação Nacional de Saúde ,"14171,66"
Cartão de Pagamento do Governo Federal - CPGF,63000 - Advocacia-Geral da União,63000 - Advocacia-Geral da União - Unidades com vínculo direto,"15731,04"
Cartão de Pagamento do Governo Federal - CPGF,26000 - Ministério da Educação,26437 - Instituto Federal de Roraima,"15817,35"
Cartão de Pagamento do Governo Federal - CPGF,26000 - Ministério da Educação,26414 - Instituto Federal do Mato Grosso,"16021,98"
Cartão de Pagamento do Governo Federal - CPGF,26000 - Ministério da Educação,26407 - Instituto Federal Goiano,"16337,67"
Cartão de Pagamento do Governo Federal - CPGF,26000 - Ministério da Educação,26424 - Instituto Federal do Tocantins,"17291,72"
Cartão de Pagamento do Governo Federal - CPGF,26000 - Ministério da Educação,26422 - Instituto Federal Catarinense,"18151,61"
Cartão de Pagamento do Governo Federal - CPGF,52000 - Ministério da Defesa,52221 - Indústria de Material Bélico do Brasil,"19520,04"
Cartão de Pagamento do Governo Federal - CPGF,26000 - Ministério da Educação,26278 - Fundação Universidade Federal de Pelotas,"19882,05"
Cartão de Pagamento do Governo Federal - CPGF,53000 - Ministério do Desenvolvimento Regional,22204 - Departamento Nacional de Obras Contra as Secas,"21207,49"
Cartão de Pagamento do Governo Federal - CPGF,52000 - Ministério da Defesa,52000 - Ministério da Defesa - Unidades com vínculo direto,"22473,22"
Cartão de Pagamento do Governo Federal - CPGF,26000 - Ministério da Educação,26408 - Instituto Federal do Maranhão,"22479,18"
Cartão de Pagamento do Governo Federal - CPGF,53000 - Ministério do Desenvolvimento Regional,29214 - Companhia Brasileira de Trens Urbanos,"24009,60"
Cartão de Pagamento do Governo Federal - CPGF,25000 - Ministério da Economia,38901 - Fundo de Amparo ao Trabalhador,"26204,70"
Cartão de Pagamento do Governo Federal - CPGF,26000 - Ministério da Educação,26247 - Universidade Federal de Santa Maria,"27209,53"
Cartão de Pagamento do Governo Federal - CPGF,53000 - Ministério do Desenvolvimento Regional,22203 - Companhia de Desenvolvimento dos Vales do São Francisco e do Parnaíba,"28091,29"
Cartão de Pagamento do Governo Federal - CPGF,20000 - Presidência da República,20415 - Empresa Brasil de Comunicação,"28215,70"
Cartão de Pagamento do Governo Federal - CPGF,26000 - Ministério da Educação,26280 - Fundação Universidade Federal de São Carlos,"28220,71"
Cartão de Pagamento do Governo Federal - CPGF,25000 - Ministério da Economia,25201 - Banco Central do Brasil - Orçamento Fiscal e Seguridade Social,"33140,76"
Cartão de Pagamento do Governo Federal - CPGF,44000 - Ministério do Meio Ambiente,20701 - Instituto Brasileiro do Meio Ambiente e dos Recursos Naturais Renováveis,"33653,55"
Cartão de Pagamento do Governo Federal - CPGF,26000 - Ministério da Educação,26294 - Hospital de Clínicas de Porto Alegre,"35015,42"
Cartão de Pagamento do Governo Federal - CPGF,32000 - Ministério de Minas e Energia,32396 - Agência Nacional de Mineração,"36941,43"
Cartão de Pagamento do Governo Federal - CPGF,30000 - Ministério da Justiça e Segurança Pública,30907 - Fundo Penitenciário Nacional,"40566,29"
Cartão de Pagamento do Governo Federal - CPGF,26000 - Ministério da Educação,26236 - Universidade Federal Fluminense,"42356,36"
Cartão de Pagamento do Governo Federal - CPGF,52000 - Ministério da Defesa,52904 - Fundo do Exército,"49191,70"
Cartão de Pagamento do Governo Federal - CPGF,"24000 - Ministério da Ciência, Tecnologia, Inovações e Comunicações",20301 - Comissão Nacional de Energia Nuclear,"51168,26"
Cartão de Pagamento do Governo Federal - CPGF,26000 - Ministério da Educação,26243 - Universidade Federal do Rio Grande do Norte,"51586,74"
Cartão de Pagamento do Governo Federal - CPGF,52000 - Ministério da Defesa,52111 - Comando da Aeronáutica,"56134,15"
Cartão de Pagamento do Governo Federal - CPGF,36000 - Ministério da Saúde,36201 - Fundação Oswaldo Cruz,"61549,98"
Cartão de Pagamento do Governo Federal - CPGF,26000 - Ministério da Educação,26249 - Universidade Federal Rural do Rio de Janeiro ,"63073,96"
Cartão de Pagamento do Governo Federal - CPGF,"22000 - Ministério da Agricultura, Pecuária e Abastecimento",22202 - Empresa Brasileira de Pesquisa Agropecuária,"66759,43"
Cartão de Pagamento do Governo Federal - CPGF,"22000 - Ministério da Agricultura, Pecuária e Abastecimento",22201 - Instituto Nacional de Colonização e Reforma Agrária,"72986,15"
Cartão de Pagamento do Governo Federal - CPGF,30000 - Ministério da Justiça e Segurança Pública,30802 - Departamento de Polícia Rodoviária Federal,"80393,93"
Cartão de Pagamento do Governo Federal - CPGF,20000 - Presidência da República,60000 - Gabinete da Vice-Presidência da República,"100839,89"
Cartão de Pagamento do Governo Federal - CPGF,26000 - Ministério da Educação,26409 - Instituto Federal de Minas Gerais,"120563,86"
Cartão de Pagamento do Governo Federal - CPGF,44000 - Ministério do Meio Ambiente,44207 - Instituto Chico Mendes de Conservação da Biodiversidade,"125625,68"
Cartão de Pagamento do Governo Federal - CPGF,25000 - Ministério da Economia,25915 - Fundo Constitucional do Distrito Federal,"153777,89"
Cartão de Pagamento do Governo Federal - CPGF,36000 - Ministério da Saúde,36210 - Hospital Nossa Senhora da Conceição S.A.,"167448,17"
Cartão de Pagamento do Governo Federal - CPGF,"22000 - Ministério da Agricultura, Pecuária e Abastecimento","22000 - Ministério da Agricultura, Pecuária e Abastecimento - Unidades com vínculo direto","202027,29"
Cartão de Pagamento do Governo Federal - CPGF,26000 - Ministério da Educação,26443 - Empresa Brasileira de Serviços Hospitalares,"225898,06"
Cartão de Pagamento do Governo Federal - CPGF,25000 - Ministério da Economia,25000 - Ministério da Economia - Unidades com vínculo direto,"238692,28"
Cartão de Pagamento do Governo Federal - CPGF,52000 - Ministério da Defesa,52121 - Comando do Exército,"268252,11"
Cartão de Pagamento do Governo Federal - CPGF,25000 - Ministério da Economia,25205 - Fundação Instituto Brasileiro de Geografia e Estatística,"411494,00"
Cartão de Pagamento do Governo Federal - CPGF,36000 - Ministério da Saúde,36000 - Ministério da Saúde - Unidades com vínculo direto,"427179,11"
Cartão de Pagamento da Defesa Civil - CPDC,Sem informação,-1,"1146551,92"
Cartão de Pagamento do Governo Federal - CPGF,20000 - Presidência da República,20101 - Presidência da República,"2339593,65"
Cartão de Pagamento do Governo Federal - CPGF,30000 - Ministério da Justiça e Segurança Pública,30108 - Departamento de Polícia Federal,"2442572,82"
Cartão de Pagamento da Defesa Civil - CPDC,53000 - Ministério do Desenvolvimento Regional,53000 - Ministério do Desenvolvimento Regional - Unidades com vínculo direto,"21550267,76"
